Age,Income,Saving (Cash),Property owner,Other asset,Counts,Percent
29.0, <=50K,5.0,1.0,0.0,46,0.14%
20.0, <=50K,5.0,1.0,0.0,45,0.14%
28.0, <=50K,3.0,1.0,0.0,44,0.14%
26.0, <=50K,5.0,1.0,1.0,44,0.14%
23.0, <=50K,0.0,0.0,0.0,43,0.13%
25.0, <=50K,4.0,1.0,1.0,43,0.13%
24.0, <=50K,4.0,1.0,0.0,43,0.13%
28.0, <=50K,5.0,0.0,1.0,43,0.13%
20.0, <=50K,4.0,0.0,0.0,42,0.13%
28.0, <=50K,3.0,1.0,1.0,42,0.13%
24.0, <=50K,5.0,1.0,1.0,42,0.13%
22.0, <=50K,1.0,0.0,1.0,42,0.13%
26.0, <=50K,0.0,0.0,0.0,42,0.13%
23.0, <=50K,1.0,0.0,0.0,42,0.13%
23.0, <=50K,2.0,1.0,1.0,42,0.13%
23.0, <=50K,2.0,1.0,0.0,42,0.13%
19.0, <=50K,2.0,1.0,1.0,41,0.13%
23.0, <=50K,5.0,1.0,0.0,41,0.13%
31.0, <=50K,4.0,0.0,1.0,41,0.13%
25.0, <=50K,0.0,1.0,0.0,41,0.13%
23.0, <=50K,4.0,0.0,0.0,41,0.13%
27.0, <=50K,0.0,0.0,1.0,41,0.13%
24.0, <=50K,1.0,0.0,0.0,41,0.13%
27.0, <=50K,5.0,1.0,1.0,41,0.13%
34.0, <=50K,4.0,1.0,0.0,40,0.12%
22.0, <=50K,0.0,1.0,0.0,40,0.12%
23.0, <=50K,5.0,0.0,1.0,40,0.12%
27.0, <=50K,4.0,1.0,1.0,40,0.12%
35.0, <=50K,4.0,0.0,0.0,40,0.12%
20.0, <=50K,0.0,0.0,1.0,39,0.12%
24.0, <=50K,1.0,1.0,1.0,39,0.12%
22.0, <=50K,2.0,1.0,1.0,39,0.12%
22.0, <=50K,2.0,0.0,0.0,39,0.12%
27.0, <=50K,0.0,0.0,0.0,39,0.12%
27.0, <=50K,1.0,0.0,1.0,39,0.12%
21.0, <=50K,4.0,1.0,1.0,39,0.12%
19.0, <=50K,3.0,1.0,1.0,39,0.12%
23.0, <=50K,1.0,1.0,0.0,38,0.12%
22.0, <=50K,2.0,0.0,1.0,38,0.12%
30.0, <=50K,2.0,0.0,0.0,38,0.12%
23.0, <=50K,4.0,1.0,1.0,38,0.12%
21.0, <=50K,5.0,1.0,0.0,38,0.12%
31.0, <=50K,0.0,1.0,0.0,38,0.12%
24.0, <=50K,0.0,1.0,0.0,38,0.12%
24.0, <=50K,1.0,0.0,1.0,38,0.12%
27.0, <=50K,3.0,0.0,0.0,38,0.12%
28.0, <=50K,0.0,1.0,1.0,38,0.12%
24.0, <=50K,5.0,1.0,0.0,38,0.12%
27.0, <=50K,1.0,1.0,0.0,38,0.12%
27.0, <=50K,0.0,1.0,1.0,38,0.12%
23.0, <=50K,5.0,1.0,1.0,37,0.11%
29.0, <=50K,3.0,1.0,0.0,37,0.11%
31.0, <=50K,1.0,1.0,1.0,37,0.11%
22.0, <=50K,1.0,0.0,0.0,37,0.11%
28.0, <=50K,5.0,1.0,1.0,37,0.11%
40.0, <=50K,3.0,0.0,1.0,37,0.11%
32.0, <=50K,3.0,0.0,0.0,37,0.11%
33.0, <=50K,3.0,1.0,1.0,37,0.11%
22.0, <=50K,4.0,0.0,1.0,37,0.11%
36.0, <=50K,3.0,1.0,1.0,37,0.11%
23.0, <=50K,0.0,1.0,1.0,37,0.11%
25.0, <=50K,2.0,0.0,1.0,37,0.11%
25.0, <=50K,1.0,1.0,0.0,37,0.11%
33.0, <=50K,0.0,0.0,1.0,37,0.11%
30.0, <=50K,0.0,1.0,0.0,37,0.11%
25.0, <=50K,5.0,0.0,1.0,36,0.11%
22.0, <=50K,5.0,0.0,0.0,36,0.11%
25.0, <=50K,3.0,0.0,0.0,36,0.11%
26.0, <=50K,3.0,0.0,0.0,36,0.11%
34.0, <=50K,4.0,0.0,0.0,36,0.11%
23.0, <=50K,3.0,0.0,1.0,36,0.11%
29.0, <=50K,2.0,0.0,0.0,36,0.11%
27.0, <=50K,2.0,1.0,0.0,36,0.11%
41.0, <=50K,0.0,1.0,0.0,36,0.11%
23.0, <=50K,4.0,1.0,0.0,36,0.11%
31.0, <=50K,3.0,0.0,1.0,36,0.11%
37.0, <=50K,2.0,0.0,0.0,35,0.11%
25.0, <=50K,4.0,1.0,0.0,35,0.11%
31.0, <=50K,4.0,1.0,1.0,35,0.11%
23.0, <=50K,3.0,1.0,0.0,35,0.11%
28.0, <=50K,4.0,0.0,0.0,35,0.11%
35.0, <=50K,3.0,1.0,0.0,35,0.11%
25.0, <=50K,1.0,0.0,1.0,35,0.11%
26.0, <=50K,1.0,0.0,0.0,35,0.11%
29.0, <=50K,4.0,1.0,0.0,35,0.11%
29.0, <=50K,4.0,0.0,1.0,35,0.11%
36.0, <=50K,4.0,0.0,1.0,35,0.11%
33.0, <=50K,3.0,1.0,0.0,35,0.11%
28.0, <=50K,1.0,1.0,1.0,35,0.11%
35.0, <=50K,1.0,1.0,0.0,35,0.11%
30.0, <=50K,4.0,1.0,0.0,35,0.11%
24.0, <=50K,2.0,1.0,0.0,35,0.11%
20.0, <=50K,1.0,1.0,0.0,35,0.11%
24.0, <=50K,3.0,1.0,1.0,35,0.11%
23.0, <=50K,1.0,0.0,1.0,35,0.11%
19.0, <=50K,1.0,1.0,0.0,35,0.11%
34.0, <=50K,5.0,0.0,0.0,34,0.1%
33.0, <=50K,5.0,0.0,0.0,34,0.1%
30.0, <=50K,4.0,1.0,1.0,34,0.1%
22.0, <=50K,3.0,0.0,0.0,34,0.1%
27.0, <=50K,1.0,0.0,0.0,34,0.1%
22.0, <=50K,3.0,1.0,0.0,34,0.1%
23.0, <=50K,0.0,1.0,0.0,34,0.1%
23.0, <=50K,3.0,0.0,0.0,34,0.1%
25.0, <=50K,2.0,0.0,0.0,34,0.1%
26.0, <=50K,4.0,1.0,0.0,34,0.1%
25.0, <=50K,5.0,1.0,0.0,34,0.1%
20.0, <=50K,2.0,1.0,1.0,34,0.1%
21.0, <=50K,2.0,0.0,1.0,34,0.1%
18.0, <=50K,4.0,0.0,1.0,34,0.1%
35.0, <=50K,0.0,0.0,0.0,34,0.1%
20.0, <=50K,5.0,0.0,0.0,34,0.1%
20.0, <=50K,5.0,0.0,1.0,34,0.1%
24.0, <=50K,0.0,1.0,1.0,34,0.1%
20.0, <=50K,5.0,1.0,1.0,34,0.1%
21.0, <=50K,0.0,1.0,1.0,34,0.1%
23.0, <=50K,3.0,1.0,1.0,34,0.1%
19.0, <=50K,2.0,1.0,0.0,34,0.1%
28.0, <=50K,5.0,1.0,0.0,34,0.1%
25.0, <=50K,3.0,0.0,1.0,34,0.1%
26.0, <=50K,0.0,1.0,1.0,33,0.1%
25.0, <=50K,3.0,1.0,1.0,33,0.1%
19.0, <=50K,4.0,0.0,1.0,33,0.1%
28.0, <=50K,4.0,1.0,1.0,33,0.1%
22.0, <=50K,3.0,0.0,1.0,33,0.1%
22.0, <=50K,5.0,1.0,0.0,33,0.1%
35.0, <=50K,2.0,1.0,1.0,33,0.1%
30.0, <=50K,1.0,0.0,0.0,33,0.1%
26.0, <=50K,3.0,0.0,1.0,33,0.1%
21.0, <=50K,1.0,1.0,1.0,33,0.1%
24.0, <=50K,4.0,0.0,1.0,33,0.1%
33.0, <=50K,5.0,1.0,0.0,33,0.1%
31.0, <=50K,0.0,0.0,0.0,33,0.1%
31.0, <=50K,1.0,0.0,1.0,33,0.1%
24.0, <=50K,2.0,0.0,0.0,33,0.1%
33.0, <=50K,0.0,1.0,0.0,33,0.1%
20.0, <=50K,4.0,1.0,1.0,33,0.1%
25.0, <=50K,2.0,1.0,0.0,33,0.1%
24.0, <=50K,0.0,0.0,0.0,33,0.1%
33.0, <=50K,4.0,1.0,0.0,33,0.1%
32.0, <=50K,1.0,1.0,1.0,33,0.1%
37.0, <=50K,4.0,1.0,0.0,33,0.1%
39.0, <=50K,0.0,0.0,1.0,33,0.1%
26.0, <=50K,5.0,1.0,0.0,33,0.1%
30.0, <=50K,5.0,0.0,0.0,33,0.1%
28.0, <=50K,4.0,0.0,1.0,33,0.1%
19.0, <=50K,1.0,1.0,1.0,33,0.1%
21.0, <=50K,3.0,1.0,0.0,33,0.1%
25.0, <=50K,0.0,1.0,1.0,32,0.1%
29.0, <=50K,3.0,1.0,1.0,32,0.1%
30.0, <=50K,3.0,1.0,0.0,32,0.1%
23.0, <=50K,2.0,0.0,0.0,32,0.1%
23.0, <=50K,2.0,0.0,1.0,32,0.1%
30.0, <=50K,2.0,1.0,1.0,32,0.1%
24.0, <=50K,4.0,0.0,0.0,32,0.1%
30.0, <=50K,5.0,1.0,0.0,32,0.1%
24.0, <=50K,1.0,1.0,0.0,32,0.1%
20.0, <=50K,0.0,1.0,0.0,32,0.1%
26.0, <=50K,3.0,1.0,0.0,32,0.1%
20.0, <=50K,1.0,0.0,1.0,32,0.1%
30.0, <=50K,0.0,0.0,0.0,32,0.1%
33.0, <=50K,1.0,1.0,0.0,32,0.1%
27.0, <=50K,3.0,0.0,1.0,32,0.1%
33.0, <=50K,1.0,1.0,1.0,32,0.1%
31.0, <=50K,1.0,1.0,0.0,32,0.1%
31.0, <=50K,3.0,1.0,0.0,32,0.1%
28.0, <=50K,2.0,1.0,0.0,32,0.1%
22.0, <=50K,0.0,0.0,0.0,32,0.1%
34.0, <=50K,3.0,0.0,1.0,32,0.1%
26.0, <=50K,2.0,1.0,1.0,32,0.1%
28.0, <=50K,1.0,0.0,0.0,32,0.1%
21.0, <=50K,4.0,0.0,0.0,31,0.1%
21.0, <=50K,3.0,0.0,1.0,31,0.1%
29.0, <=50K,4.0,1.0,1.0,31,0.1%
27.0, <=50K,0.0,1.0,0.0,31,0.1%
28.0, <=50K,1.0,1.0,0.0,31,0.1%
43.0, <=50K,2.0,1.0,1.0,31,0.1%
38.0, <=50K,5.0,1.0,1.0,31,0.1%
38.0, <=50K,2.0,1.0,0.0,31,0.1%
30.0, <=50K,4.0,0.0,1.0,31,0.1%
29.0, <=50K,3.0,0.0,0.0,31,0.1%
41.0, <=50K,5.0,0.0,1.0,31,0.1%
23.0, <=50K,0.0,0.0,1.0,31,0.1%
20.0, <=50K,0.0,0.0,0.0,31,0.1%
25.0, <=50K,3.0,1.0,0.0,31,0.1%
22.0, <=50K,0.0,0.0,1.0,31,0.1%
26.0, <=50K,1.0,1.0,0.0,31,0.1%
21.0, <=50K,4.0,1.0,0.0,31,0.1%
19.0, <=50K,3.0,1.0,0.0,31,0.1%
19.0, <=50K,0.0,0.0,1.0,31,0.1%
19.0, <=50K,4.0,1.0,1.0,31,0.1%
46.0, <=50K,2.0,0.0,1.0,31,0.1%
19.0, <=50K,0.0,0.0,0.0,31,0.1%
36.0, <=50K,2.0,1.0,1.0,31,0.1%
26.0, <=50K,5.0,0.0,0.0,31,0.1%
36.0, <=50K,2.0,0.0,1.0,31,0.1%
36.0, <=50K,5.0,1.0,0.0,31,0.1%
25.0, <=50K,1.0,1.0,1.0,31,0.1%
35.0, <=50K,1.0,1.0,1.0,30,0.09%
41.0, <=50K,0.0,0.0,0.0,30,0.09%
29.0, <=50K,1.0,0.0,0.0,30,0.09%
35.0, <=50K,0.0,0.0,1.0,30,0.09%
33.0, <=50K,0.0,0.0,0.0,30,0.09%
25.0, <=50K,1.0,0.0,0.0,30,0.09%
24.0, <=50K,5.0,0.0,0.0,30,0.09%
18.0, <=50K,2.0,0.0,0.0,30,0.09%
27.0, <=50K,1.0,1.0,1.0,30,0.09%
34.0, <=50K,2.0,0.0,1.0,30,0.09%
35.0, <=50K,4.0,1.0,0.0,30,0.09%
34.0, <=50K,3.0,1.0,0.0,30,0.09%
31.0, <=50K,4.0,1.0,0.0,30,0.09%
31.0, <=50K,1.0,0.0,0.0,30,0.09%
24.0, <=50K,5.0,0.0,1.0,30,0.09%
36.0, <=50K,3.0,0.0,1.0,30,0.09%
32.0, <=50K,5.0,0.0,1.0,30,0.09%
36.0, <=50K,4.0,1.0,1.0,30,0.09%
18.0, <=50K,5.0,0.0,0.0,30,0.09%
19.0, <=50K,3.0,0.0,0.0,30,0.09%
42.0, <=50K,5.0,0.0,1.0,30,0.09%
32.0, <=50K,3.0,1.0,1.0,30,0.09%
20.0, <=50K,2.0,0.0,0.0,30,0.09%
30.0, <=50K,0.0,1.0,1.0,30,0.09%
32.0, <=50K,5.0,1.0,0.0,30,0.09%
21.0, <=50K,0.0,0.0,0.0,30,0.09%
21.0, <=50K,5.0,0.0,1.0,30,0.09%
21.0, <=50K,1.0,0.0,1.0,30,0.09%
20.0, <=50K,1.0,0.0,0.0,30,0.09%
20.0, <=50K,3.0,1.0,1.0,29,0.09%
35.0, <=50K,0.0,1.0,0.0,29,0.09%
30.0, <=50K,2.0,1.0,0.0,29,0.09%
22.0, <=50K,4.0,0.0,0.0,29,0.09%
32.0, <=50K,4.0,1.0,0.0,29,0.09%
21.0, <=50K,2.0,1.0,0.0,29,0.09%
18.0, <=50K,2.0,1.0,0.0,29,0.09%
33.0, <=50K,1.0,0.0,1.0,29,0.09%
31.0, <=50K,3.0,0.0,0.0,29,0.09%
19.0, <=50K,5.0,0.0,0.0,29,0.09%
30.0, <=50K,2.0,0.0,1.0,29,0.09%
34.0, <=50K,2.0,0.0,0.0,29,0.09%
20.0, <=50K,3.0,0.0,1.0,29,0.09%
34.0, <=50K,2.0,1.0,0.0,29,0.09%
32.0, <=50K,2.0,0.0,1.0,29,0.09%
26.0, <=50K,4.0,1.0,1.0,29,0.09%
32.0, <=50K,1.0,0.0,0.0,29,0.09%
26.0, <=50K,5.0,0.0,1.0,29,0.09%
32.0, <=50K,1.0,0.0,1.0,29,0.09%
37.0, <=50K,3.0,1.0,1.0,29,0.09%
34.0, <=50K,5.0,1.0,1.0,29,0.09%
21.0, <=50K,1.0,1.0,0.0,29,0.09%
21.0, <=50K,3.0,1.0,1.0,29,0.09%
28.0, <=50K,3.0,0.0,0.0,29,0.09%
20.0, <=50K,3.0,1.0,0.0,29,0.09%
29.0, <=50K,1.0,1.0,0.0,29,0.09%
36.0, <=50K,0.0,1.0,0.0,29,0.09%
33.0, <=50K,5.0,1.0,1.0,29,0.09%
39.0, <=50K,3.0,0.0,1.0,29,0.09%
24.0, <=50K,2.0,0.0,1.0,29,0.09%
25.0, <=50K,2.0,1.0,1.0,29,0.09%
27.0, <=50K,5.0,1.0,0.0,29,0.09%
25.0, <=50K,0.0,0.0,0.0,29,0.09%
23.0, <=50K,4.0,0.0,1.0,29,0.09%
29.0, <=50K,2.0,0.0,1.0,29,0.09%
25.0, <=50K,4.0,0.0,0.0,29,0.09%
46.0, <=50K,4.0,0.0,0.0,29,0.09%
30.0, <=50K,3.0,0.0,0.0,29,0.09%
18.0, <=50K,3.0,0.0,0.0,29,0.09%
42.0, <=50K,3.0,0.0,1.0,29,0.09%
31.0, <=50K,5.0,1.0,1.0,29,0.09%
23.0, <=50K,5.0,0.0,0.0,29,0.09%
27.0, <=50K,4.0,0.0,1.0,28,0.09%
25.0, <=50K,0.0,0.0,1.0,28,0.09%
26.0, <=50K,2.0,1.0,0.0,28,0.09%
29.0, <=50K,5.0,0.0,1.0,28,0.09%
26.0, <=50K,3.0,1.0,1.0,28,0.09%
18.0, <=50K,0.0,0.0,1.0,28,0.09%
26.0, <=50K,4.0,0.0,1.0,28,0.09%
27.0, <=50K,5.0,0.0,0.0,28,0.09%
22.0, <=50K,1.0,1.0,1.0,28,0.09%
19.0, <=50K,5.0,0.0,1.0,28,0.09%
34.0, <=50K,5.0,1.0,0.0,28,0.09%
31.0, <=50K,3.0,1.0,1.0,28,0.09%
41.0, <=50K,3.0,1.0,1.0,28,0.09%
21.0, <=50K,3.0,0.0,0.0,28,0.09%
31.0, <=50K,0.0,0.0,1.0,28,0.09%
18.0, <=50K,4.0,1.0,1.0,28,0.09%
28.0, <=50K,5.0,0.0,0.0,28,0.09%
20.0, <=50K,4.0,0.0,1.0,28,0.09%
33.0, <=50K,4.0,1.0,1.0,28,0.09%
36.0, <=50K,1.0,0.0,1.0,28,0.09%
27.0, <=50K,3.0,1.0,0.0,28,0.09%
35.0, <=50K,2.0,0.0,1.0,28,0.09%
25.0, <=50K,4.0,0.0,1.0,28,0.09%
19.0, <=50K,0.0,1.0,1.0,28,0.09%
35.0, <=50K,0.0,1.0,1.0,28,0.09%
19.0, <=50K,0.0,1.0,0.0,28,0.09%
38.0, <=50K,2.0,0.0,0.0,28,0.09%
19.0, <=50K,1.0,0.0,0.0,28,0.09%
28.0, <=50K,2.0,1.0,1.0,28,0.09%
31.0, <=50K,5.0,1.0,0.0,28,0.09%
33.0, <=50K,4.0,0.0,1.0,28,0.09%
20.0, <=50K,4.0,1.0,0.0,28,0.09%
19.0, <=50K,2.0,0.0,1.0,28,0.09%
31.0, <=50K,5.0,0.0,0.0,28,0.09%
18.0, <=50K,5.0,1.0,1.0,28,0.09%
37.0, <=50K,5.0,1.0,0.0,28,0.09%
34.0, <=50K,0.0,1.0,1.0,27,0.08%
19.0, <=50K,5.0,1.0,1.0,27,0.08%
31.0, <=50K,2.0,0.0,1.0,27,0.08%
21.0, <=50K,0.0,0.0,1.0,27,0.08%
28.0, <=50K,0.0,0.0,0.0,27,0.08%
27.0, <=50K,4.0,0.0,0.0,27,0.08%
27.0, <=50K,3.0,1.0,1.0,27,0.08%
37.0, <=50K,2.0,1.0,1.0,27,0.08%
21.0, <=50K,2.0,1.0,1.0,27,0.08%
32.0, <=50K,4.0,0.0,1.0,27,0.08%
38.0, <=50K,3.0,1.0,1.0,27,0.08%
39.0, <=50K,5.0,1.0,0.0,27,0.08%
40.0, <=50K,0.0,0.0,1.0,27,0.08%
35.0, <=50K,5.0,1.0,1.0,27,0.08%
35.0, <=50K,5.0,0.0,1.0,27,0.08%
30.0, <=50K,4.0,0.0,0.0,27,0.08%
33.0, <=50K,0.0,1.0,1.0,27,0.08%
38.0, <=50K,3.0,1.0,0.0,27,0.08%
33.0, <=50K,1.0,0.0,0.0,27,0.08%
23.0, <=50K,1.0,1.0,1.0,27,0.08%
25.0, <=50K,5.0,0.0,0.0,27,0.08%
45.0, <=50K,5.0,1.0,1.0,27,0.08%
21.0, <=50K,4.0,0.0,1.0,27,0.08%
32.0, <=50K,4.0,1.0,1.0,27,0.08%
36.0, <=50K,1.0,1.0,0.0,27,0.08%
32.0, <=50K,3.0,1.0,0.0,27,0.08%
37.0, <=50K,1.0,0.0,1.0,27,0.08%
21.0, <=50K,5.0,0.0,0.0,27,0.08%
32.0, <=50K,2.0,0.0,0.0,27,0.08%
36.0, <=50K,5.0,0.0,1.0,27,0.08%
28.0, <=50K,4.0,1.0,0.0,27,0.08%
32.0, <=50K,2.0,1.0,1.0,27,0.08%
43.0, <=50K,0.0,1.0,1.0,27,0.08%
26.0, <=50K,2.0,0.0,1.0,27,0.08%
47.0, <=50K,0.0,0.0,1.0,27,0.08%
40.0, <=50K,2.0,1.0,0.0,27,0.08%
40.0, <=50K,1.0,0.0,1.0,27,0.08%
33.0, <=50K,2.0,1.0,0.0,27,0.08%
32.0, <=50K,0.0,0.0,0.0,26,0.08%
32.0, <=50K,5.0,0.0,0.0,26,0.08%
29.0, <=50K,5.0,0.0,0.0,26,0.08%
44.0, <=50K,3.0,0.0,1.0,26,0.08%
32.0, <=50K,0.0,1.0,1.0,26,0.08%
42.0, <=50K,0.0,0.0,0.0,26,0.08%
45.0, <=50K,0.0,1.0,1.0,26,0.08%
29.0, <=50K,0.0,0.0,0.0,26,0.08%
32.0, <=50K,4.0,0.0,0.0,26,0.08%
29.0, <=50K,0.0,1.0,1.0,26,0.08%
35.0, <=50K,4.0,0.0,1.0,26,0.08%
21.0, <=50K,2.0,0.0,0.0,26,0.08%
40.0, <=50K,5.0,0.0,0.0,26,0.08%
20.0, <=50K,0.0,1.0,1.0,26,0.08%
47.0, <=50K,5.0,0.0,1.0,26,0.08%
19.0, <=50K,4.0,1.0,0.0,26,0.08%
36.0, <=50K,0.0,0.0,0.0,26,0.08%
19.0, <=50K,3.0,0.0,1.0,26,0.08%
38.0, <=50K,4.0,1.0,1.0,26,0.08%
39.0, <=50K,2.0,0.0,1.0,26,0.08%
40.0, <=50K,4.0,0.0,1.0,26,0.08%
38.0, <=50K,4.0,0.0,0.0,26,0.08%
40.0, <=50K,4.0,1.0,0.0,26,0.08%
37.0, <=50K,5.0,1.0,1.0,26,0.08%
35.0, <=50K,3.0,1.0,1.0,26,0.08%
24.0, <=50K,3.0,0.0,0.0,26,0.08%
22.0, <=50K,0.0,1.0,1.0,26,0.08%
22.0, <=50K,2.0,1.0,0.0,26,0.08%
25.0, <=50K,5.0,1.0,1.0,26,0.08%
35.0, <=50K,2.0,1.0,0.0,25,0.08%
20.0, <=50K,1.0,1.0,1.0,25,0.08%
24.0, <=50K,3.0,1.0,0.0,25,0.08%
20.0, <=50K,2.0,0.0,1.0,25,0.08%
26.0, <=50K,0.0,1.0,0.0,25,0.08%
36.0, <=50K,3.0,0.0,0.0,25,0.08%
36.0, <=50K,1.0,0.0,0.0,25,0.08%
21.0, <=50K,1.0,0.0,0.0,25,0.08%
36.0, <=50K,1.0,1.0,1.0,25,0.08%
22.0, <=50K,3.0,1.0,1.0,25,0.08%
20.0, <=50K,3.0,0.0,0.0,25,0.08%
22.0, <=50K,5.0,1.0,1.0,25,0.08%
36.0, <=50K,3.0,1.0,0.0,25,0.08%
21.0, <=50K,0.0,1.0,0.0,25,0.08%
46.0, <=50K,1.0,1.0,1.0,25,0.08%
26.0, <=50K,1.0,1.0,1.0,25,0.08%
30.0, <=50K,0.0,0.0,1.0,25,0.08%
18.0, <=50K,1.0,0.0,0.0,25,0.08%
43.0, <=50K,4.0,1.0,1.0,25,0.08%
31.0, <=50K,2.0,1.0,1.0,25,0.08%
37.0, <=50K,3.0,1.0,0.0,25,0.08%
37.0, <=50K,1.0,0.0,0.0,25,0.08%
39.0, <=50K,3.0,0.0,0.0,25,0.08%
27.0, <=50K,5.0,0.0,1.0,25,0.08%
28.0, <=50K,3.0,0.0,1.0,25,0.08%
33.0, <=50K,5.0,0.0,1.0,25,0.08%
18.0, <=50K,1.0,0.0,1.0,25,0.08%
28.0, <=50K,0.0,0.0,1.0,25,0.08%
34.0, <=50K,1.0,1.0,0.0,25,0.08%
34.0, <=50K,2.0,1.0,1.0,25,0.08%
36.0, <=50K,0.0,1.0,1.0,25,0.08%
19.0, <=50K,5.0,1.0,0.0,25,0.08%
42.0, <=50K,1.0,0.0,0.0,25,0.08%
41.0, <=50K,1.0,1.0,0.0,24,0.07%
29.0, <=50K,4.0,0.0,0.0,24,0.07%
29.0, <=50K,3.0,0.0,1.0,24,0.07%
22.0, <=50K,5.0,0.0,1.0,24,0.07%
41.0, <=50K,1.0,0.0,1.0,24,0.07%
32.0, <=50K,2.0,1.0,0.0,24,0.07%
36.0, <=50K,5.0,0.0,0.0,24,0.07%
21.0, <=50K,5.0,1.0,1.0,24,0.07%
20.0, <=50K,2.0,1.0,0.0,24,0.07%
42.0, <=50K,5.0,0.0,0.0,24,0.07%
36.0, <=50K,5.0,1.0,1.0,24,0.07%
30.0, <=50K,1.0,1.0,1.0,24,0.07%
19.0, <=50K,4.0,0.0,0.0,24,0.07%
18.0, <=50K,3.0,1.0,1.0,24,0.07%
43.0, <=50K,3.0,0.0,0.0,24,0.07%
44.0, <=50K,3.0,1.0,0.0,24,0.07%
37.0, <=50K,0.0,0.0,1.0,24,0.07%
17.0, <=50K,1.0,1.0,1.0,24,0.07%
38.0, <=50K,1.0,1.0,1.0,24,0.07%
42.0, <=50K,4.0,1.0,0.0,24,0.07%
35.0, <=50K,3.0,0.0,0.0,24,0.07%
42.0, <=50K,3.0,1.0,0.0,24,0.07%
29.0, <=50K,0.0,0.0,1.0,24,0.07%
40.0, <=50K,0.0,1.0,0.0,24,0.07%
33.0, <=50K,3.0,0.0,0.0,24,0.07%
27.0, <=50K,2.0,0.0,1.0,24,0.07%
42.0, <=50K,0.0,1.0,1.0,24,0.07%
41.0, <=50K,3.0,0.0,0.0,24,0.07%
34.0, <=50K,1.0,0.0,1.0,24,0.07%
34.0, <=50K,1.0,0.0,0.0,24,0.07%
40.0, <=50K,5.0,1.0,0.0,24,0.07%
28.0, <=50K,1.0,0.0,1.0,24,0.07%
39.0, <=50K,5.0,0.0,0.0,24,0.07%
41.0, <=50K,1.0,1.0,1.0,24,0.07%
34.0, <=50K,4.0,0.0,1.0,24,0.07%
34.0, <=50K,3.0,1.0,1.0,24,0.07%
34.0, <=50K,3.0,0.0,0.0,24,0.07%
39.0, <=50K,1.0,0.0,0.0,23,0.07%
19.0, <=50K,1.0,0.0,1.0,23,0.07%
30.0, <=50K,3.0,0.0,1.0,23,0.07%
34.0, <=50K,1.0,1.0,1.0,23,0.07%
28.0, <=50K,0.0,1.0,0.0,23,0.07%
38.0, <=50K,4.0,1.0,0.0,23,0.07%
18.0, <=50K,3.0,0.0,1.0,23,0.07%
38.0, <=50K,3.0,0.0,0.0,23,0.07%
18.0, <=50K,5.0,1.0,0.0,23,0.07%
28.0, <=50K,2.0,0.0,1.0,23,0.07%
30.0, <=50K,5.0,0.0,1.0,23,0.07%
37.0, >50K,1.0,0.0,0.0,23,0.07%
43.0, <=50K,4.0,0.0,0.0,23,0.07%
38.0, <=50K,1.0,0.0,0.0,23,0.07%
43.0, <=50K,4.0,1.0,0.0,23,0.07%
43.0, <=50K,5.0,0.0,0.0,23,0.07%
38.0, <=50K,1.0,0.0,1.0,23,0.07%
31.0, <=50K,2.0,1.0,0.0,23,0.07%
46.0, <=50K,5.0,1.0,0.0,23,0.07%
37.0, <=50K,5.0,0.0,0.0,23,0.07%
34.0, <=50K,0.0,1.0,0.0,23,0.07%
37.0, <=50K,4.0,0.0,0.0,23,0.07%
41.0, <=50K,3.0,1.0,0.0,23,0.07%
41.0, <=50K,0.0,0.0,1.0,23,0.07%
31.0, <=50K,5.0,0.0,1.0,23,0.07%
43.0, <=50K,3.0,1.0,1.0,23,0.07%
37.0, <=50K,0.0,0.0,0.0,23,0.07%
47.0, <=50K,4.0,1.0,1.0,23,0.07%
34.0, <=50K,0.0,0.0,1.0,23,0.07%
39.0, <=50K,2.0,1.0,1.0,23,0.07%
30.0, <=50K,1.0,0.0,1.0,23,0.07%
39.0, <=50K,3.0,1.0,0.0,23,0.07%
45.0, <=50K,1.0,1.0,1.0,23,0.07%
35.0, <=50K,5.0,0.0,0.0,23,0.07%
34.0, <=50K,4.0,1.0,1.0,23,0.07%
50.0, <=50K,3.0,0.0,1.0,23,0.07%
35.0, <=50K,4.0,1.0,1.0,23,0.07%
22.0, <=50K,4.0,1.0,1.0,23,0.07%
35.0, <=50K,2.0,0.0,0.0,23,0.07%
42.0, <=50K,2.0,0.0,1.0,23,0.07%
33.0, <=50K,2.0,0.0,0.0,23,0.07%
32.0, <=50K,3.0,0.0,1.0,23,0.07%
39.0, <=50K,3.0,1.0,1.0,23,0.07%
39.0, <=50K,4.0,0.0,1.0,23,0.07%
40.0, <=50K,2.0,0.0,0.0,23,0.07%
40.0, <=50K,2.0,1.0,1.0,23,0.07%
26.0, <=50K,0.0,0.0,1.0,23,0.07%
26.0, <=50K,2.0,0.0,0.0,23,0.07%
39.0, <=50K,4.0,1.0,1.0,22,0.07%
42.0, <=50K,1.0,1.0,0.0,22,0.07%
42.0, <=50K,1.0,1.0,1.0,22,0.07%
41.0, <=50K,2.0,0.0,1.0,22,0.07%
38.0, <=50K,0.0,1.0,1.0,22,0.07%
38.0, <=50K,0.0,1.0,0.0,22,0.07%
41.0, <=50K,2.0,1.0,1.0,22,0.07%
39.0, <=50K,2.0,1.0,0.0,22,0.07%
39.0, <=50K,1.0,1.0,0.0,22,0.07%
39.0, <=50K,5.0,0.0,1.0,22,0.07%
36.0, <=50K,4.0,0.0,0.0,22,0.07%
39.0, <=50K,5.0,1.0,1.0,22,0.07%
37.0, <=50K,4.0,1.0,1.0,22,0.07%
40.0, <=50K,0.0,0.0,0.0,22,0.07%
37.0, <=50K,3.0,0.0,1.0,22,0.07%
37.0, <=50K,0.0,1.0,0.0,22,0.07%
41.0, <=50K,4.0,0.0,1.0,22,0.07%
35.0, <=50K,1.0,0.0,0.0,22,0.07%
33.0, <=50K,3.0,0.0,1.0,22,0.07%
40.0, <=50K,0.0,1.0,1.0,22,0.07%
40.0, <=50K,1.0,1.0,1.0,22,0.07%
33.0, <=50K,4.0,0.0,0.0,22,0.07%
40.0, <=50K,3.0,1.0,0.0,22,0.07%
42.0, <=50K,5.0,1.0,1.0,22,0.07%
39.0, <=50K,4.0,0.0,0.0,22,0.07%
48.0, <=50K,5.0,1.0,0.0,22,0.07%
31.0, <=50K,0.0,1.0,1.0,22,0.07%
29.0, <=50K,5.0,1.0,1.0,22,0.07%
52.0, <=50K,0.0,1.0,1.0,22,0.07%
24.0, <=50K,2.0,1.0,1.0,22,0.07%
44.0, <=50K,1.0,1.0,1.0,22,0.07%
45.0, <=50K,1.0,0.0,1.0,22,0.07%
44.0, <=50K,0.0,1.0,1.0,22,0.07%
47.0, <=50K,5.0,1.0,0.0,22,0.07%
45.0, <=50K,3.0,0.0,1.0,22,0.07%
29.0, <=50K,2.0,1.0,1.0,22,0.07%
29.0, <=50K,0.0,1.0,0.0,22,0.07%
29.0, <=50K,1.0,0.0,1.0,22,0.07%
29.0, <=50K,1.0,1.0,1.0,22,0.07%
44.0, <=50K,3.0,1.0,1.0,22,0.07%
18.0, <=50K,5.0,0.0,1.0,21,0.06%
22.0, <=50K,4.0,1.0,0.0,21,0.06%
38.0, <=50K,3.0,0.0,1.0,21,0.06%
46.0, <=50K,5.0,1.0,1.0,21,0.06%
42.0, <=50K,4.0,1.0,1.0,21,0.06%
44.0, <=50K,4.0,1.0,0.0,21,0.06%
32.0, <=50K,0.0,0.0,1.0,21,0.06%
27.0, <=50K,2.0,1.0,1.0,21,0.06%
36.0, <=50K,0.0,0.0,1.0,21,0.06%
41.0, <=50K,2.0,1.0,0.0,21,0.06%
44.0, <=50K,5.0,0.0,1.0,21,0.06%
38.0, <=50K,4.0,0.0,1.0,21,0.06%
19.0, <=50K,2.0,0.0,0.0,21,0.06%
18.0, <=50K,4.0,0.0,0.0,21,0.06%
32.0, <=50K,5.0,1.0,1.0,21,0.06%
49.0, <=50K,2.0,0.0,0.0,21,0.06%
35.0, <=50K,5.0,1.0,0.0,21,0.06%
49.0, <=50K,1.0,0.0,1.0,21,0.06%
50.0, <=50K,1.0,0.0,1.0,21,0.06%
45.0, <=50K,1.0,0.0,0.0,21,0.06%
36.0, <=50K,4.0,1.0,0.0,21,0.06%
42.0, <=50K,0.0,0.0,1.0,21,0.06%
37.0, <=50K,0.0,1.0,1.0,21,0.06%
44.0, <=50K,2.0,1.0,1.0,21,0.06%
41.0, <=50K,5.0,0.0,0.0,21,0.06%
44.0, <=50K,1.0,0.0,1.0,21,0.06%
38.0, <=50K,2.0,0.0,1.0,21,0.06%
26.0, <=50K,4.0,0.0,0.0,21,0.06%
17.0, <=50K,2.0,0.0,0.0,21,0.06%
24.0, <=50K,0.0,0.0,1.0,21,0.06%
46.0, <=50K,1.0,0.0,0.0,21,0.06%
39.0, <=50K,4.0,1.0,0.0,21,0.06%
30.0, <=50K,3.0,1.0,1.0,21,0.06%
40.0, >50K,0.0,0.0,0.0,21,0.06%
43.0, <=50K,2.0,0.0,1.0,21,0.06%
37.0, <=50K,2.0,1.0,0.0,21,0.06%
37.0, <=50K,1.0,1.0,0.0,21,0.06%
31.0, <=50K,2.0,0.0,0.0,21,0.06%
43.0, <=50K,5.0,1.0,0.0,21,0.06%
46.0, <=50K,5.0,0.0,0.0,21,0.06%
43.0, <=50K,0.0,0.0,0.0,21,0.06%
40.0, <=50K,3.0,0.0,0.0,21,0.06%
17.0, <=50K,3.0,1.0,1.0,21,0.06%
49.0, <=50K,3.0,0.0,1.0,20,0.06%
50.0, <=50K,4.0,0.0,1.0,20,0.06%
28.0, <=50K,2.0,0.0,0.0,20,0.06%
46.0, <=50K,2.0,1.0,1.0,20,0.06%
22.0, <=50K,1.0,1.0,0.0,20,0.06%
35.0, <=50K,1.0,0.0,1.0,20,0.06%
41.0, <=50K,4.0,1.0,1.0,20,0.06%
45.0, <=50K,5.0,0.0,0.0,20,0.06%
33.0, <=50K,2.0,0.0,1.0,20,0.06%
52.0, <=50K,2.0,1.0,1.0,20,0.06%
35.0, <=50K,3.0,0.0,1.0,20,0.06%
41.0, <=50K,4.0,1.0,0.0,20,0.06%
46.0, <=50K,4.0,0.0,1.0,20,0.06%
45.0, >50K,2.0,1.0,0.0,20,0.06%
39.0, <=50K,1.0,0.0,1.0,20,0.06%
45.0, <=50K,5.0,1.0,0.0,20,0.06%
41.0, <=50K,5.0,1.0,1.0,20,0.06%
42.0, <=50K,2.0,1.0,0.0,20,0.06%
49.0, <=50K,0.0,0.0,0.0,20,0.06%
46.0, >50K,5.0,0.0,0.0,20,0.06%
42.0, <=50K,3.0,1.0,1.0,20,0.06%
43.0, <=50K,5.0,0.0,1.0,20,0.06%
38.0, <=50K,0.0,0.0,1.0,20,0.06%
37.0, >50K,2.0,1.0,0.0,20,0.06%
47.0, <=50K,5.0,1.0,1.0,20,0.06%
38.0, <=50K,1.0,1.0,0.0,20,0.06%
17.0, <=50K,3.0,0.0,1.0,20,0.06%
43.0, <=50K,3.0,1.0,0.0,20,0.06%
43.0, <=50K,3.0,0.0,1.0,20,0.06%
17.0, <=50K,4.0,0.0,0.0,20,0.06%
37.0, <=50K,3.0,0.0,0.0,20,0.06%
43.0, <=50K,2.0,0.0,0.0,20,0.06%
26.0, <=50K,1.0,0.0,1.0,20,0.06%
30.0, <=50K,1.0,1.0,0.0,20,0.06%
43.0, <=50K,0.0,0.0,1.0,20,0.06%
17.0, <=50K,5.0,1.0,1.0,20,0.06%
50.0, >50K,4.0,0.0,1.0,20,0.06%
44.0, <=50K,4.0,0.0,0.0,20,0.06%
41.0, <=50K,0.0,1.0,1.0,20,0.06%
27.0, <=50K,4.0,1.0,0.0,20,0.06%
48.0, <=50K,2.0,0.0,1.0,20,0.06%
44.0, <=50K,5.0,1.0,1.0,20,0.06%
47.0, <=50K,1.0,1.0,0.0,20,0.06%
29.0, <=50K,2.0,1.0,0.0,20,0.06%
17.0, <=50K,0.0,0.0,1.0,20,0.06%
47.0, <=50K,1.0,0.0,0.0,19,0.06%
49.0, <=50K,2.0,1.0,1.0,19,0.06%
46.0, <=50K,3.0,1.0,1.0,19,0.06%
49.0, <=50K,1.0,1.0,1.0,19,0.06%
50.0, <=50K,1.0,1.0,1.0,19,0.06%
40.0, <=50K,4.0,1.0,1.0,19,0.06%
47.0, <=50K,2.0,1.0,0.0,19,0.06%
34.0, <=50K,0.0,0.0,0.0,19,0.06%
27.0, <=50K,2.0,0.0,0.0,19,0.06%
47.0, <=50K,3.0,0.0,1.0,19,0.06%
49.0, <=50K,4.0,0.0,0.0,19,0.06%
45.0, <=50K,2.0,1.0,1.0,19,0.06%
47.0, >50K,4.0,1.0,0.0,19,0.06%
44.0, <=50K,4.0,0.0,1.0,19,0.06%
18.0, <=50K,1.0,1.0,1.0,19,0.06%
18.0, <=50K,3.0,1.0,0.0,19,0.06%
42.0, >50K,5.0,1.0,1.0,19,0.06%
43.0, <=50K,0.0,1.0,0.0,19,0.06%
43.0, <=50K,1.0,1.0,0.0,19,0.06%
38.0, <=50K,5.0,1.0,0.0,19,0.06%
44.0, <=50K,2.0,1.0,0.0,19,0.06%
51.0, <=50K,0.0,0.0,1.0,19,0.06%
38.0, >50K,3.0,1.0,1.0,19,0.06%
39.0, <=50K,0.0,0.0,0.0,19,0.06%
37.0, <=50K,4.0,0.0,1.0,19,0.06%
42.0, <=50K,4.0,0.0,1.0,19,0.06%
42.0, <=50K,4.0,0.0,0.0,19,0.06%
32.0, <=50K,0.0,1.0,0.0,19,0.06%
43.0, >50K,2.0,1.0,1.0,19,0.06%
45.0, <=50K,3.0,1.0,1.0,19,0.06%
36.0, <=50K,2.0,0.0,0.0,19,0.06%
51.0, <=50K,4.0,0.0,1.0,19,0.06%
45.0, <=50K,4.0,0.0,0.0,19,0.06%
45.0, <=50K,4.0,1.0,1.0,19,0.06%
45.0, <=50K,5.0,0.0,1.0,19,0.06%
51.0, <=50K,2.0,0.0,1.0,19,0.06%
51.0, <=50K,1.0,0.0,0.0,19,0.06%
24.0, <=50K,3.0,0.0,1.0,19,0.06%
24.0, <=50K,4.0,1.0,1.0,19,0.06%
37.0, >50K,1.0,1.0,1.0,18,0.06%
40.0, <=50K,5.0,1.0,1.0,18,0.06%
17.0, <=50K,1.0,0.0,1.0,18,0.06%
18.0, <=50K,0.0,1.0,1.0,18,0.06%
48.0, <=50K,0.0,0.0,0.0,18,0.06%
51.0, <=50K,0.0,0.0,0.0,18,0.06%
18.0, <=50K,2.0,0.0,1.0,18,0.06%
40.0, <=50K,2.0,0.0,1.0,18,0.06%
36.0, >50K,3.0,1.0,1.0,18,0.06%
38.0, <=50K,5.0,0.0,0.0,18,0.06%
34.0, >50K,4.0,1.0,1.0,18,0.06%
39.0, <=50K,0.0,1.0,0.0,18,0.06%
54.0, <=50K,3.0,1.0,1.0,18,0.06%
34.0, <=50K,5.0,0.0,1.0,18,0.06%
53.0, <=50K,2.0,0.0,0.0,18,0.06%
51.0, <=50K,3.0,0.0,1.0,18,0.06%
50.0, <=50K,3.0,1.0,0.0,18,0.06%
38.0, >50K,2.0,1.0,0.0,18,0.06%
47.0, >50K,2.0,0.0,0.0,18,0.06%
37.0, >50K,4.0,1.0,1.0,18,0.06%
46.0, <=50K,0.0,1.0,0.0,18,0.06%
47.0, <=50K,0.0,0.0,0.0,18,0.06%
30.0, <=50K,5.0,1.0,1.0,18,0.06%
43.0, <=50K,1.0,0.0,1.0,18,0.06%
42.0, <=50K,5.0,1.0,0.0,18,0.06%
44.0, <=50K,5.0,0.0,0.0,18,0.06%
46.0, <=50K,2.0,0.0,0.0,18,0.06%
44.0, >50K,1.0,0.0,1.0,18,0.06%
47.0, <=50K,1.0,0.0,1.0,18,0.06%
44.0, >50K,5.0,1.0,1.0,18,0.06%
45.0, <=50K,0.0,0.0,0.0,18,0.06%
45.0, <=50K,0.0,0.0,1.0,18,0.06%
47.0, >50K,1.0,0.0,1.0,18,0.06%
41.0, >50K,4.0,1.0,0.0,18,0.06%
42.0, <=50K,1.0,0.0,1.0,18,0.06%
44.0, <=50K,1.0,1.0,0.0,18,0.06%
46.0, <=50K,5.0,0.0,1.0,18,0.06%
47.0, <=50K,5.0,0.0,0.0,18,0.06%
44.0, <=50K,4.0,1.0,1.0,17,0.05%
41.0, >50K,0.0,0.0,1.0,17,0.05%
46.0, <=50K,4.0,1.0,1.0,17,0.05%
46.0, <=50K,3.0,1.0,0.0,17,0.05%
18.0, <=50K,0.0,1.0,0.0,17,0.05%
42.0, >50K,2.0,1.0,1.0,17,0.05%
47.0, <=50K,4.0,0.0,1.0,17,0.05%
48.0, <=50K,4.0,0.0,0.0,17,0.05%
34.0, >50K,1.0,1.0,1.0,17,0.05%
41.0, >50K,1.0,0.0,1.0,17,0.05%
51.0, <=50K,4.0,0.0,0.0,17,0.05%
50.0, >50K,3.0,1.0,1.0,17,0.05%
39.0, <=50K,0.0,1.0,1.0,17,0.05%
44.0, >50K,1.0,0.0,0.0,17,0.05%
45.0, <=50K,0.0,1.0,0.0,17,0.05%
40.0, <=50K,5.0,0.0,1.0,17,0.05%
33.0, <=50K,2.0,1.0,1.0,17,0.05%
45.0, >50K,4.0,1.0,0.0,17,0.05%
38.0, <=50K,5.0,0.0,1.0,17,0.05%
51.0, <=50K,0.0,1.0,1.0,17,0.05%
47.0, >50K,0.0,1.0,0.0,17,0.05%
17.0, <=50K,1.0,1.0,0.0,17,0.05%
45.0, >50K,2.0,1.0,1.0,17,0.05%
43.0, >50K,1.0,0.0,0.0,17,0.05%
39.0, <=50K,1.0,1.0,1.0,17,0.05%
18.0, <=50K,0.0,0.0,0.0,17,0.05%
17.0, <=50K,5.0,1.0,0.0,17,0.05%
42.0, <=50K,3.0,0.0,0.0,17,0.05%
48.0, <=50K,0.0,1.0,0.0,17,0.05%
47.0, <=50K,2.0,1.0,1.0,17,0.05%
43.0, <=50K,5.0,1.0,1.0,17,0.05%
40.0, >50K,5.0,0.0,0.0,17,0.05%
40.0, <=50K,1.0,1.0,0.0,17,0.05%
37.0, <=50K,5.0,0.0,1.0,17,0.05%
49.0, <=50K,1.0,1.0,0.0,17,0.05%
47.0, <=50K,0.0,1.0,1.0,17,0.05%
31.0, <=50K,4.0,0.0,0.0,17,0.05%
57.0, <=50K,0.0,1.0,1.0,17,0.05%
36.0, <=50K,2.0,1.0,0.0,17,0.05%
46.0, >50K,4.0,0.0,1.0,17,0.05%
47.0, <=50K,4.0,0.0,0.0,17,0.05%
42.0, <=50K,2.0,1.0,1.0,17,0.05%
49.0, <=50K,3.0,1.0,1.0,17,0.05%
41.0, <=50K,2.0,0.0,0.0,17,0.05%
17.0, <=50K,4.0,1.0,0.0,17,0.05%
43.0, <=50K,2.0,1.0,0.0,17,0.05%
49.0, <=50K,5.0,0.0,1.0,17,0.05%
17.0, <=50K,5.0,0.0,0.0,17,0.05%
37.0, <=50K,2.0,0.0,1.0,17,0.05%
55.0, <=50K,3.0,1.0,1.0,17,0.05%
41.0, >50K,2.0,1.0,1.0,17,0.05%
45.0, <=50K,2.0,0.0,1.0,16,0.05%
37.0, >50K,4.0,1.0,0.0,16,0.05%
43.0, >50K,0.0,1.0,1.0,16,0.05%
38.0, <=50K,0.0,0.0,0.0,16,0.05%
45.0, <=50K,2.0,0.0,0.0,16,0.05%
38.0, <=50K,2.0,1.0,1.0,16,0.05%
38.0, >50K,4.0,1.0,1.0,16,0.05%
44.0, >50K,0.0,0.0,0.0,16,0.05%
58.0, <=50K,5.0,1.0,0.0,16,0.05%
32.0, <=50K,1.0,1.0,0.0,16,0.05%
18.0, <=50K,2.0,1.0,1.0,16,0.05%
36.0, >50K,4.0,1.0,1.0,16,0.05%
18.0, <=50K,1.0,1.0,0.0,16,0.05%
45.0, <=50K,3.0,0.0,0.0,16,0.05%
37.0, <=50K,1.0,1.0,1.0,16,0.05%
17.0, <=50K,4.0,0.0,1.0,16,0.05%
44.0, <=50K,2.0,0.0,1.0,16,0.05%
37.0, >50K,0.0,0.0,1.0,16,0.05%
57.0, <=50K,1.0,0.0,1.0,16,0.05%
57.0, <=50K,5.0,0.0,0.0,16,0.05%
53.0, <=50K,4.0,1.0,0.0,16,0.05%
47.0, >50K,1.0,1.0,1.0,16,0.05%
47.0, <=50K,1.0,1.0,1.0,16,0.05%
52.0, <=50K,3.0,0.0,1.0,16,0.05%
39.0, >50K,4.0,0.0,0.0,16,0.05%
49.0, >50K,2.0,1.0,0.0,16,0.05%
48.0, <=50K,1.0,0.0,0.0,16,0.05%
50.0, <=50K,4.0,1.0,1.0,16,0.05%
50.0, <=50K,4.0,1.0,0.0,16,0.05%
41.0, <=50K,1.0,0.0,0.0,16,0.05%
51.0, <=50K,2.0,0.0,0.0,16,0.05%
46.0, >50K,3.0,0.0,1.0,16,0.05%
47.0, >50K,0.0,1.0,1.0,16,0.05%
39.0, >50K,2.0,1.0,0.0,16,0.05%
46.0, <=50K,3.0,0.0,0.0,16,0.05%
41.0, <=50K,3.0,0.0,1.0,16,0.05%
40.0, >50K,2.0,0.0,0.0,16,0.05%
50.0, <=50K,0.0,1.0,0.0,16,0.05%
49.0, <=50K,4.0,0.0,1.0,16,0.05%
47.0, >50K,1.0,0.0,0.0,16,0.05%
51.0, <=50K,5.0,1.0,1.0,16,0.05%
43.0, <=50K,4.0,0.0,1.0,16,0.05%
41.0, >50K,4.0,0.0,0.0,16,0.05%
52.0, <=50K,1.0,1.0,1.0,16,0.05%
56.0, <=50K,3.0,0.0,1.0,15,0.05%
44.0, <=50K,2.0,0.0,0.0,15,0.05%
49.0, <=50K,2.0,0.0,1.0,15,0.05%
49.0, <=50K,3.0,1.0,0.0,15,0.05%
53.0, <=50K,0.0,0.0,0.0,15,0.05%
40.0, >50K,5.0,1.0,1.0,15,0.05%
49.0, <=50K,1.0,0.0,0.0,15,0.05%
40.0, >50K,3.0,0.0,1.0,15,0.05%
40.0, >50K,2.0,1.0,1.0,15,0.05%
58.0, <=50K,2.0,0.0,0.0,15,0.05%
47.0, <=50K,3.0,1.0,1.0,15,0.05%
48.0, <=50K,0.0,0.0,1.0,15,0.05%
44.0, <=50K,0.0,0.0,0.0,15,0.05%
43.0, >50K,3.0,1.0,0.0,15,0.05%
43.0, >50K,3.0,0.0,0.0,15,0.05%
40.0, >50K,0.0,0.0,1.0,15,0.05%
59.0, <=50K,0.0,1.0,1.0,15,0.05%
59.0, <=50K,4.0,0.0,0.0,15,0.05%
63.0, <=50K,2.0,1.0,1.0,15,0.05%
49.0, <=50K,4.0,1.0,1.0,15,0.05%
42.0, >50K,4.0,1.0,1.0,15,0.05%
43.0, <=50K,1.0,1.0,1.0,15,0.05%
46.0, >50K,0.0,1.0,1.0,15,0.05%
53.0, <=50K,5.0,1.0,1.0,15,0.05%
54.0, <=50K,4.0,0.0,0.0,15,0.05%
54.0, >50K,2.0,0.0,0.0,15,0.05%
51.0, <=50K,3.0,1.0,1.0,15,0.05%
51.0, <=50K,3.0,1.0,0.0,15,0.05%
45.0, <=50K,4.0,1.0,0.0,15,0.05%
45.0, <=50K,1.0,1.0,0.0,15,0.05%
45.0, >50K,1.0,0.0,0.0,15,0.05%
38.0, >50K,5.0,0.0,0.0,15,0.05%
51.0, <=50K,2.0,1.0,0.0,15,0.05%
39.0, <=50K,2.0,0.0,0.0,15,0.05%
38.0, >50K,0.0,0.0,0.0,15,0.05%
55.0, <=50K,2.0,1.0,0.0,15,0.05%
45.0, >50K,3.0,1.0,0.0,15,0.05%
51.0, <=50K,0.0,1.0,0.0,15,0.05%
44.0, >50K,2.0,1.0,1.0,15,0.05%
46.0, <=50K,0.0,0.0,1.0,15,0.05%
46.0, <=50K,1.0,0.0,1.0,15,0.05%
46.0, <=50K,1.0,1.0,0.0,15,0.05%
50.0, >50K,0.0,1.0,0.0,15,0.05%
39.0, >50K,3.0,0.0,0.0,15,0.05%
50.0, <=50K,5.0,0.0,0.0,15,0.05%
46.0, <=50K,3.0,0.0,1.0,15,0.05%
50.0, <=50K,2.0,0.0,0.0,15,0.05%
42.0, >50K,3.0,1.0,1.0,15,0.05%
50.0, <=50K,0.0,0.0,1.0,15,0.05%
49.0, >50K,5.0,0.0,1.0,15,0.05%
51.0, <=50K,5.0,1.0,0.0,15,0.05%
17.0, <=50K,0.0,0.0,0.0,15,0.05%
17.0, <=50K,3.0,1.0,0.0,15,0.05%
17.0, <=50K,2.0,0.0,1.0,15,0.05%
17.0, <=50K,2.0,1.0,1.0,15,0.05%
36.0, >50K,2.0,1.0,0.0,15,0.05%
34.0, >50K,0.0,1.0,1.0,15,0.05%
31.0, >50K,1.0,0.0,0.0,15,0.05%
36.0, >50K,5.0,0.0,1.0,15,0.05%
17.0, <=50K,1.0,0.0,0.0,15,0.05%
55.0, <=50K,5.0,1.0,1.0,14,0.04%
39.0, >50K,1.0,1.0,0.0,14,0.04%
35.0, >50K,1.0,1.0,1.0,14,0.04%
33.0, >50K,4.0,0.0,1.0,14,0.04%
33.0, >50K,4.0,1.0,0.0,14,0.04%
53.0, <=50K,2.0,1.0,1.0,14,0.04%
56.0, <=50K,5.0,0.0,1.0,14,0.04%
40.0, >50K,4.0,0.0,1.0,14,0.04%
53.0, <=50K,4.0,0.0,1.0,14,0.04%
40.0, >50K,3.0,0.0,0.0,14,0.04%
40.0, >50K,1.0,1.0,0.0,14,0.04%
54.0, <=50K,1.0,1.0,1.0,14,0.04%
39.0, >50K,1.0,0.0,1.0,14,0.04%
34.0, >50K,1.0,1.0,0.0,14,0.04%
39.0, >50K,5.0,0.0,1.0,14,0.04%
39.0, >50K,3.0,1.0,1.0,14,0.04%
34.0, >50K,2.0,0.0,1.0,14,0.04%
40.0, <=50K,4.0,0.0,0.0,14,0.04%
52.0, <=50K,0.0,1.0,0.0,14,0.04%
55.0, <=50K,0.0,1.0,0.0,14,0.04%
55.0, <=50K,0.0,1.0,1.0,14,0.04%
55.0, <=50K,2.0,0.0,0.0,14,0.04%
34.0, >50K,5.0,0.0,1.0,14,0.04%
56.0, <=50K,0.0,0.0,0.0,14,0.04%
40.0, <=50K,1.0,0.0,0.0,14,0.04%
17.0, <=50K,5.0,0.0,1.0,14,0.04%
52.0, <=50K,4.0,0.0,0.0,14,0.04%
37.0, >50K,4.0,0.0,1.0,14,0.04%
33.0, >50K,0.0,0.0,1.0,14,0.04%
46.0, >50K,2.0,0.0,1.0,14,0.04%
44.0, >50K,3.0,1.0,0.0,14,0.04%
44.0, >50K,5.0,0.0,1.0,14,0.04%
45.0, <=50K,2.0,1.0,0.0,14,0.04%
44.0, <=50K,0.0,1.0,0.0,14,0.04%
44.0, <=50K,0.0,0.0,1.0,14,0.04%
45.0, >50K,4.0,0.0,1.0,14,0.04%
45.0, >50K,4.0,1.0,1.0,14,0.04%
46.0, <=50K,0.0,1.0,1.0,14,0.04%
46.0, <=50K,2.0,1.0,0.0,14,0.04%
46.0, >50K,1.0,0.0,0.0,14,0.04%
46.0, >50K,1.0,0.0,1.0,14,0.04%
46.0, >50K,2.0,0.0,0.0,14,0.04%
43.0, >50K,1.0,0.0,1.0,14,0.04%
46.0, >50K,4.0,0.0,0.0,14,0.04%
51.0, <=50K,1.0,0.0,1.0,14,0.04%
43.0, >50K,0.0,0.0,0.0,14,0.04%
30.0, >50K,4.0,0.0,1.0,14,0.04%
46.0, >50K,5.0,0.0,1.0,14,0.04%
47.0, <=50K,3.0,0.0,0.0,14,0.04%
47.0, >50K,3.0,1.0,1.0,14,0.04%
48.0, <=50K,0.0,1.0,1.0,14,0.04%
43.0, <=50K,1.0,0.0,0.0,14,0.04%
48.0, <=50K,4.0,1.0,1.0,14,0.04%
48.0, <=50K,5.0,0.0,1.0,14,0.04%
48.0, >50K,1.0,1.0,0.0,14,0.04%
49.0, <=50K,0.0,1.0,1.0,14,0.04%
42.0, >50K,0.0,0.0,0.0,14,0.04%
50.0, <=50K,0.0,1.0,1.0,14,0.04%
42.0, <=50K,2.0,0.0,0.0,14,0.04%
52.0, <=50K,5.0,0.0,0.0,14,0.04%
58.0, <=50K,4.0,0.0,0.0,14,0.04%
37.0, >50K,0.0,1.0,1.0,14,0.04%
58.0, <=50K,4.0,0.0,1.0,14,0.04%
58.0, <=50K,3.0,1.0,1.0,14,0.04%
63.0, <=50K,4.0,0.0,1.0,14,0.04%
38.0, >50K,1.0,0.0,1.0,14,0.04%
61.0, <=50K,0.0,1.0,1.0,14,0.04%
64.0, <=50K,0.0,0.0,1.0,14,0.04%
61.0, <=50K,1.0,0.0,1.0,14,0.04%
62.0, <=50K,2.0,0.0,1.0,14,0.04%
60.0, <=50K,5.0,0.0,0.0,13,0.04%
47.0, <=50K,2.0,0.0,0.0,13,0.04%
54.0, <=50K,1.0,0.0,1.0,13,0.04%
46.0, >50K,5.0,1.0,0.0,13,0.04%
44.0, <=50K,5.0,1.0,0.0,13,0.04%
48.0, <=50K,2.0,1.0,1.0,13,0.04%
48.0, <=50K,1.0,1.0,1.0,13,0.04%
36.0, >50K,4.0,0.0,0.0,13,0.04%
47.0, <=50K,0.0,1.0,0.0,13,0.04%
47.0, >50K,4.0,0.0,1.0,13,0.04%
47.0, <=50K,4.0,1.0,0.0,13,0.04%
47.0, >50K,0.0,0.0,1.0,13,0.04%
53.0, <=50K,1.0,0.0,0.0,13,0.04%
53.0, <=50K,1.0,1.0,1.0,13,0.04%
53.0, <=50K,2.0,0.0,1.0,13,0.04%
48.0, <=50K,3.0,1.0,0.0,13,0.04%
53.0, <=50K,3.0,0.0,1.0,13,0.04%
47.0, >50K,2.0,1.0,1.0,13,0.04%
53.0, <=50K,3.0,1.0,0.0,13,0.04%
53.0, <=50K,3.0,1.0,1.0,13,0.04%
38.0, >50K,3.0,0.0,0.0,13,0.04%
52.0, <=50K,4.0,1.0,0.0,13,0.04%
50.0, >50K,5.0,0.0,0.0,13,0.04%
48.0, <=50K,4.0,0.0,1.0,13,0.04%
49.0, <=50K,0.0,0.0,1.0,13,0.04%
50.0, <=50K,3.0,0.0,0.0,13,0.04%
50.0, <=50K,1.0,1.0,0.0,13,0.04%
50.0, >50K,1.0,1.0,0.0,13,0.04%
50.0, <=50K,1.0,0.0,0.0,13,0.04%
32.0, >50K,4.0,0.0,0.0,13,0.04%
50.0, >50K,2.0,1.0,0.0,13,0.04%
50.0, >50K,4.0,1.0,0.0,13,0.04%
31.0, >50K,5.0,0.0,0.0,13,0.04%
49.0, <=50K,3.0,0.0,0.0,13,0.04%
51.0, <=50K,1.0,1.0,0.0,13,0.04%
49.0, <=50K,0.0,1.0,0.0,13,0.04%
51.0, >50K,0.0,1.0,1.0,13,0.04%
54.0, <=50K,2.0,1.0,1.0,13,0.04%
41.0, >50K,2.0,0.0,0.0,13,0.04%
51.0, >50K,2.0,0.0,0.0,13,0.04%
51.0, >50K,2.0,1.0,0.0,13,0.04%
51.0, >50K,3.0,0.0,1.0,13,0.04%
42.0, >50K,2.0,1.0,0.0,13,0.04%
36.0, >50K,2.0,1.0,1.0,13,0.04%
51.0, >50K,5.0,1.0,1.0,13,0.04%
52.0, <=50K,1.0,0.0,0.0,13,0.04%
41.0, <=50K,4.0,0.0,0.0,13,0.04%
42.0, >50K,4.0,0.0,0.0,13,0.04%
52.0, <=50K,3.0,1.0,0.0,13,0.04%
17.0, <=50K,0.0,1.0,1.0,13,0.04%
53.0, <=50K,4.0,1.0,1.0,13,0.04%
54.0, <=50K,3.0,0.0,1.0,13,0.04%
39.0, >50K,3.0,0.0,1.0,13,0.04%
17.0, <=50K,0.0,1.0,0.0,13,0.04%
45.0, >50K,5.0,0.0,1.0,13,0.04%
55.0, <=50K,4.0,1.0,0.0,13,0.04%
39.0, >50K,5.0,1.0,0.0,13,0.04%
36.0, >50K,0.0,0.0,0.0,13,0.04%
39.0, >50K,4.0,0.0,1.0,13,0.04%
63.0, <=50K,5.0,0.0,1.0,13,0.04%
35.0, >50K,0.0,1.0,1.0,13,0.04%
55.0, <=50K,3.0,0.0,1.0,13,0.04%
39.0, >50K,2.0,0.0,1.0,13,0.04%
17.0, <=50K,2.0,1.0,0.0,13,0.04%
45.0, <=50K,3.0,1.0,0.0,13,0.04%
37.0, >50K,5.0,0.0,1.0,13,0.04%
44.0, <=50K,3.0,0.0,0.0,13,0.04%
44.0, >50K,2.0,0.0,1.0,13,0.04%
57.0, <=50K,3.0,0.0,0.0,13,0.04%
46.0, <=50K,4.0,1.0,0.0,13,0.04%
45.0, >50K,2.0,0.0,0.0,13,0.04%
46.0, >50K,0.0,0.0,0.0,13,0.04%
43.0, >50K,2.0,0.0,1.0,13,0.04%
46.0, >50K,4.0,1.0,1.0,13,0.04%
54.0, <=50K,5.0,1.0,0.0,13,0.04%
46.0, >50K,4.0,1.0,0.0,13,0.04%
59.0, <=50K,3.0,0.0,1.0,13,0.04%
55.0, <=50K,0.0,0.0,1.0,13,0.04%
38.0, >50K,5.0,0.0,1.0,13,0.04%
43.0, >50K,1.0,1.0,0.0,13,0.04%
55.0, <=50K,1.0,1.0,1.0,13,0.04%
50.0, <=50K,3.0,1.0,1.0,13,0.04%
55.0, <=50K,2.0,0.0,1.0,13,0.04%
62.0, <=50K,4.0,1.0,1.0,13,0.04%
49.0, <=50K,5.0,0.0,0.0,12,0.04%
61.0, <=50K,2.0,0.0,0.0,12,0.04%
29.0, >50K,0.0,0.0,1.0,12,0.04%
36.0, >50K,2.0,0.0,1.0,12,0.04%
60.0, <=50K,5.0,1.0,1.0,12,0.04%
36.0, >50K,3.0,1.0,0.0,12,0.04%
30.0, >50K,2.0,1.0,1.0,12,0.04%
44.0, >50K,4.0,1.0,0.0,12,0.04%
49.0, <=50K,4.0,1.0,0.0,12,0.04%
44.0, >50K,3.0,1.0,1.0,12,0.04%
42.0, >50K,5.0,0.0,1.0,12,0.04%
48.0, >50K,5.0,1.0,1.0,12,0.04%
49.0, >50K,0.0,1.0,1.0,12,0.04%
49.0, >50K,1.0,0.0,1.0,12,0.04%
44.0, >50K,3.0,0.0,1.0,12,0.04%
50.0, <=50K,0.0,0.0,0.0,12,0.04%
44.0, >50K,3.0,0.0,0.0,12,0.04%
47.0, >50K,5.0,1.0,0.0,12,0.04%
44.0, >50K,2.0,0.0,0.0,12,0.04%
50.0, <=50K,2.0,0.0,1.0,12,0.04%
47.0, >50K,5.0,0.0,0.0,12,0.04%
37.0, >50K,5.0,0.0,0.0,12,0.04%
46.0, >50K,2.0,1.0,1.0,12,0.04%
45.0, <=50K,4.0,0.0,1.0,12,0.04%
62.0, <=50K,3.0,1.0,1.0,12,0.04%
37.0, >50K,1.0,1.0,0.0,12,0.04%
48.0, <=50K,3.0,0.0,0.0,12,0.04%
42.0, >50K,4.0,0.0,1.0,12,0.04%
47.0, >50K,2.0,1.0,0.0,12,0.04%
45.0, >50K,3.0,0.0,0.0,12,0.04%
36.0, >50K,5.0,1.0,1.0,12,0.04%
61.0, <=50K,0.0,1.0,0.0,12,0.04%
48.0, <=50K,5.0,0.0,0.0,12,0.04%
61.0, <=50K,0.0,0.0,1.0,12,0.04%
45.0, >50K,0.0,0.0,0.0,12,0.04%
48.0, >50K,1.0,0.0,1.0,12,0.04%
45.0, >50K,1.0,1.0,0.0,12,0.04%
43.0, >50K,4.0,0.0,0.0,12,0.04%
48.0, >50K,2.0,0.0,0.0,12,0.04%
46.0, >50K,0.0,0.0,1.0,12,0.04%
48.0, >50K,5.0,0.0,1.0,12,0.04%
45.0, >50K,0.0,1.0,1.0,12,0.04%
44.0, <=50K,1.0,0.0,0.0,12,0.04%
48.0, >50K,4.0,1.0,0.0,12,0.04%
44.0, >50K,1.0,1.0,1.0,12,0.04%
40.0, >50K,2.0,1.0,0.0,12,0.04%
52.0, <=50K,3.0,0.0,0.0,12,0.04%
59.0, <=50K,0.0,0.0,1.0,12,0.04%
56.0, <=50K,4.0,1.0,1.0,12,0.04%
52.0, <=50K,5.0,1.0,0.0,12,0.04%
35.0, >50K,1.0,0.0,0.0,12,0.04%
52.0, >50K,1.0,0.0,1.0,12,0.04%
56.0, <=50K,4.0,0.0,0.0,12,0.04%
52.0, >50K,2.0,0.0,0.0,12,0.04%
52.0, >50K,3.0,0.0,0.0,12,0.04%
60.0, <=50K,2.0,1.0,1.0,12,0.04%
60.0, <=50K,1.0,0.0,1.0,12,0.04%
52.0, >50K,4.0,1.0,1.0,12,0.04%
36.0, >50K,2.0,0.0,0.0,12,0.04%
56.0, <=50K,3.0,0.0,0.0,12,0.04%
38.0, >50K,3.0,0.0,1.0,12,0.04%
50.0, >50K,0.0,0.0,1.0,12,0.04%
56.0, <=50K,0.0,1.0,0.0,12,0.04%
35.0, >50K,0.0,0.0,0.0,12,0.04%
54.0, <=50K,0.0,1.0,0.0,12,0.04%
34.0, >50K,5.0,1.0,0.0,12,0.04%
54.0, <=50K,5.0,0.0,0.0,12,0.04%
34.0, >50K,0.0,1.0,0.0,12,0.04%
58.0, <=50K,4.0,1.0,0.0,12,0.04%
54.0, <=50K,5.0,1.0,1.0,12,0.04%
36.0, >50K,1.0,0.0,0.0,12,0.04%
54.0, >50K,0.0,0.0,1.0,12,0.04%
59.0, <=50K,2.0,1.0,0.0,12,0.04%
55.0, <=50K,2.0,1.0,1.0,12,0.04%
38.0, >50K,5.0,1.0,0.0,12,0.04%
34.0, >50K,4.0,0.0,1.0,12,0.04%
35.0, >50K,4.0,1.0,1.0,12,0.04%
39.0, >50K,1.0,1.0,1.0,12,0.04%
52.0, <=50K,1.0,0.0,1.0,12,0.04%
51.0, >50K,3.0,1.0,0.0,12,0.04%
35.0, >50K,2.0,1.0,1.0,12,0.04%
58.0, <=50K,0.0,0.0,1.0,12,0.04%
32.0, >50K,3.0,1.0,1.0,12,0.04%
50.0, >50K,2.0,0.0,1.0,12,0.04%
41.0, >50K,5.0,1.0,0.0,12,0.04%
35.0, >50K,1.0,1.0,0.0,12,0.04%
35.0, >50K,3.0,0.0,1.0,12,0.04%
50.0, >50K,5.0,0.0,1.0,12,0.04%
38.0, >50K,1.0,0.0,0.0,12,0.04%
51.0, <=50K,1.0,1.0,1.0,12,0.04%
51.0, <=50K,2.0,1.0,1.0,12,0.04%
51.0, <=50K,4.0,1.0,1.0,12,0.04%
39.0, >50K,0.0,0.0,0.0,12,0.04%
18.0, <=50K,4.0,1.0,0.0,12,0.04%
39.0, >50K,0.0,1.0,0.0,12,0.04%
60.0, <=50K,3.0,1.0,1.0,12,0.04%
51.0, >50K,4.0,1.0,1.0,12,0.04%
39.0, >50K,0.0,1.0,1.0,12,0.04%
51.0, >50K,5.0,0.0,0.0,12,0.04%
41.0, >50K,0.0,0.0,0.0,12,0.04%
41.0, <=50K,5.0,1.0,0.0,12,0.04%
51.0, >50K,5.0,0.0,1.0,12,0.04%
28.0, >50K,2.0,1.0,0.0,11,0.03%
58.0, <=50K,1.0,1.0,1.0,11,0.03%
58.0, <=50K,2.0,1.0,1.0,11,0.03%
57.0, <=50K,1.0,1.0,0.0,11,0.03%
57.0, <=50K,1.0,0.0,0.0,11,0.03%
64.0, <=50K,1.0,0.0,1.0,11,0.03%
63.0, <=50K,0.0,1.0,1.0,11,0.03%
56.0, <=50K,5.0,1.0,1.0,11,0.03%
56.0, <=50K,5.0,1.0,0.0,11,0.03%
55.0, <=50K,3.0,1.0,0.0,11,0.03%
17.0, <=50K,4.0,1.0,1.0,11,0.03%
64.0, <=50K,3.0,0.0,0.0,11,0.03%
28.0, >50K,4.0,0.0,0.0,11,0.03%
58.0, <=50K,3.0,0.0,0.0,11,0.03%
44.0, >50K,5.0,0.0,0.0,11,0.03%
50.0, <=50K,4.0,0.0,0.0,11,0.03%
62.0, <=50K,4.0,0.0,1.0,11,0.03%
55.0, <=50K,1.0,1.0,0.0,11,0.03%
52.0, <=50K,3.0,1.0,1.0,11,0.03%
48.0, <=50K,4.0,1.0,0.0,11,0.03%
52.0, <=50K,0.0,0.0,1.0,11,0.03%
48.0, >50K,2.0,1.0,1.0,11,0.03%
48.0, >50K,4.0,0.0,0.0,11,0.03%
51.0, >50K,4.0,1.0,0.0,11,0.03%
51.0, >50K,0.0,0.0,0.0,11,0.03%
51.0, <=50K,5.0,0.0,0.0,11,0.03%
50.0, >50K,3.0,0.0,1.0,11,0.03%
49.0, <=50K,5.0,1.0,1.0,11,0.03%
49.0, >50K,0.0,0.0,1.0,11,0.03%
60.0, <=50K,5.0,1.0,0.0,11,0.03%
50.0, >50K,1.0,1.0,1.0,11,0.03%
50.0, >50K,1.0,0.0,1.0,11,0.03%
50.0, >50K,1.0,0.0,0.0,11,0.03%
60.0, <=50K,3.0,0.0,0.0,11,0.03%
52.0, <=50K,4.0,0.0,1.0,11,0.03%
48.0, <=50K,3.0,0.0,1.0,11,0.03%
53.0, >50K,3.0,1.0,0.0,11,0.03%
59.0, <=50K,1.0,0.0,0.0,11,0.03%
62.0, <=50K,3.0,0.0,0.0,11,0.03%
59.0, <=50K,3.0,1.0,1.0,11,0.03%
62.0, <=50K,1.0,1.0,1.0,11,0.03%
59.0, >50K,3.0,1.0,0.0,11,0.03%
53.0, >50K,4.0,0.0,1.0,11,0.03%
47.0, <=50K,3.0,1.0,0.0,11,0.03%
52.0, <=50K,5.0,1.0,1.0,11,0.03%
53.0, <=50K,4.0,0.0,0.0,11,0.03%
60.0, <=50K,0.0,1.0,1.0,11,0.03%
53.0, <=50K,0.0,1.0,1.0,11,0.03%
48.0, <=50K,1.0,0.0,1.0,11,0.03%
48.0, <=50K,1.0,1.0,0.0,11,0.03%
48.0, <=50K,2.0,1.0,0.0,11,0.03%
57.0, <=50K,3.0,1.0,1.0,11,0.03%
57.0, <=50K,2.0,1.0,1.0,11,0.03%
41.0, >50K,1.0,1.0,1.0,11,0.03%
36.0, >50K,0.0,1.0,1.0,11,0.03%
30.0, >50K,4.0,1.0,1.0,11,0.03%
40.0, >50K,2.0,0.0,1.0,11,0.03%
43.0, >50K,4.0,1.0,0.0,11,0.03%
40.0, >50K,4.0,0.0,0.0,11,0.03%
31.0, >50K,3.0,1.0,0.0,11,0.03%
41.0, >50K,3.0,0.0,1.0,11,0.03%
39.0, >50K,5.0,0.0,0.0,11,0.03%
39.0, >50K,1.0,0.0,0.0,11,0.03%
42.0, >50K,3.0,1.0,0.0,11,0.03%
38.0, >50K,0.0,1.0,0.0,11,0.03%
37.0, >50K,3.0,1.0,1.0,11,0.03%
41.0, >50K,2.0,0.0,1.0,11,0.03%
33.0, >50K,3.0,1.0,0.0,11,0.03%
32.0, >50K,5.0,0.0,0.0,11,0.03%
43.0, >50K,5.0,1.0,1.0,11,0.03%
31.0, >50K,0.0,1.0,1.0,11,0.03%
42.0, >50K,4.0,1.0,0.0,11,0.03%
41.0, >50K,0.0,1.0,0.0,11,0.03%
34.0, >50K,3.0,1.0,1.0,11,0.03%
42.0, >50K,1.0,1.0,0.0,11,0.03%
35.0, >50K,4.0,1.0,0.0,11,0.03%
42.0, <=50K,0.0,1.0,0.0,11,0.03%
42.0, >50K,2.0,0.0,1.0,11,0.03%
34.0, >50K,1.0,0.0,0.0,11,0.03%
34.0, >50K,5.0,0.0,0.0,11,0.03%
42.0, >50K,1.0,0.0,1.0,11,0.03%
34.0, >50K,1.0,0.0,1.0,10,0.03%
38.0, >50K,1.0,1.0,1.0,10,0.03%
60.0, <=50K,4.0,0.0,1.0,10,0.03%
61.0, <=50K,5.0,1.0,1.0,10,0.03%
46.0, >50K,0.0,1.0,0.0,10,0.03%
52.0, >50K,4.0,0.0,1.0,10,0.03%
37.0, >50K,2.0,0.0,1.0,10,0.03%
30.0, >50K,3.0,0.0,1.0,10,0.03%
47.0, >50K,1.0,1.0,0.0,10,0.03%
54.0, >50K,2.0,0.0,1.0,10,0.03%
60.0, <=50K,4.0,1.0,1.0,10,0.03%
31.0, >50K,0.0,0.0,0.0,10,0.03%
46.0, >50K,1.0,1.0,1.0,10,0.03%
43.0, >50K,2.0,0.0,0.0,10,0.03%
52.0, >50K,5.0,1.0,1.0,10,0.03%
53.0, >50K,3.0,1.0,1.0,10,0.03%
40.0, >50K,1.0,1.0,1.0,10,0.03%
53.0, <=50K,1.0,0.0,1.0,10,0.03%
53.0, <=50K,1.0,1.0,0.0,10,0.03%
40.0, >50K,5.0,0.0,1.0,10,0.03%
54.0, <=50K,0.0,0.0,0.0,10,0.03%
51.0, >50K,5.0,1.0,0.0,10,0.03%
53.0, >50K,4.0,1.0,1.0,10,0.03%
43.0, >50K,0.0,0.0,1.0,10,0.03%
30.0, >50K,4.0,1.0,0.0,10,0.03%
53.0, >50K,2.0,0.0,0.0,10,0.03%
38.0, >50K,0.0,0.0,1.0,10,0.03%
41.0, >50K,0.0,1.0,1.0,10,0.03%
47.0, >50K,3.0,0.0,1.0,10,0.03%
41.0, >50K,5.0,1.0,1.0,10,0.03%
42.0, >50K,3.0,0.0,0.0,10,0.03%
48.0, >50K,2.0,1.0,0.0,10,0.03%
50.0, <=50K,5.0,1.0,0.0,10,0.03%
50.0, <=50K,5.0,0.0,1.0,10,0.03%
36.0, >50K,4.0,1.0,0.0,10,0.03%
32.0, >50K,2.0,0.0,0.0,10,0.03%
61.0, <=50K,2.0,1.0,1.0,10,0.03%
42.0, >50K,0.0,1.0,0.0,10,0.03%
66.0, <=50K,4.0,1.0,0.0,10,0.03%
49.0, >50K,3.0,1.0,1.0,10,0.03%
61.0, <=50K,4.0,0.0,0.0,10,0.03%
61.0, <=50K,4.0,0.0,1.0,10,0.03%
49.0, >50K,0.0,1.0,0.0,10,0.03%
49.0, <=50K,5.0,1.0,0.0,10,0.03%
41.0, >50K,5.0,0.0,1.0,10,0.03%
41.0, >50K,4.0,0.0,1.0,10,0.03%
36.0, >50K,5.0,1.0,0.0,10,0.03%
41.0, >50K,2.0,1.0,0.0,10,0.03%
47.0, >50K,3.0,1.0,0.0,10,0.03%
31.0, >50K,1.0,0.0,1.0,10,0.03%
51.0, >50K,3.0,0.0,0.0,10,0.03%
37.0, >50K,3.0,0.0,1.0,10,0.03%
51.0, >50K,1.0,0.0,1.0,10,0.03%
51.0, >50K,0.0,0.0,1.0,10,0.03%
37.0, >50K,0.0,1.0,0.0,10,0.03%
48.0, <=50K,3.0,1.0,1.0,10,0.03%
51.0, <=50K,5.0,0.0,1.0,10,0.03%
41.0, >50K,3.0,0.0,0.0,10,0.03%
51.0, <=50K,3.0,0.0,0.0,10,0.03%
41.0, >50K,3.0,1.0,0.0,10,0.03%
41.0, >50K,3.0,1.0,1.0,10,0.03%
42.0, >50K,5.0,0.0,0.0,10,0.03%
54.0, >50K,2.0,1.0,0.0,10,0.03%
53.0, >50K,4.0,0.0,0.0,10,0.03%
56.0, <=50K,2.0,0.0,1.0,10,0.03%
43.0, >50K,4.0,1.0,1.0,10,0.03%
30.0, >50K,2.0,0.0,1.0,10,0.03%
45.0, >50K,1.0,0.0,1.0,10,0.03%
56.0, <=50K,1.0,0.0,1.0,10,0.03%
56.0, <=50K,0.0,1.0,1.0,10,0.03%
38.0, >50K,5.0,1.0,1.0,10,0.03%
65.0, <=50K,0.0,0.0,0.0,10,0.03%
55.0, >50K,5.0,1.0,0.0,10,0.03%
59.0, <=50K,4.0,1.0,0.0,10,0.03%
45.0, >50K,3.0,0.0,1.0,10,0.03%
35.0, >50K,3.0,0.0,0.0,10,0.03%
55.0, >50K,3.0,1.0,1.0,10,0.03%
59.0, <=50K,2.0,0.0,0.0,10,0.03%
57.0, <=50K,5.0,1.0,0.0,10,0.03%
57.0, <=50K,5.0,1.0,1.0,10,0.03%
59.0, <=50K,5.0,0.0,1.0,10,0.03%
45.0, >50K,0.0,1.0,0.0,10,0.03%
45.0, >50K,0.0,0.0,1.0,10,0.03%
56.0, <=50K,1.0,1.0,1.0,10,0.03%
56.0, <=50K,4.0,1.0,0.0,10,0.03%
38.0, >50K,4.0,1.0,0.0,10,0.03%
38.0, >50K,4.0,0.0,1.0,10,0.03%
59.0, <=50K,3.0,1.0,0.0,10,0.03%
37.0, >50K,5.0,1.0,0.0,10,0.03%
59.0, <=50K,1.0,1.0,1.0,10,0.03%
37.0, >50K,5.0,1.0,1.0,10,0.03%
39.0, >50K,2.0,1.0,1.0,10,0.03%
56.0, <=50K,2.0,0.0,0.0,10,0.03%
56.0, <=50K,2.0,1.0,1.0,10,0.03%
29.0, >50K,2.0,1.0,0.0,10,0.03%
30.0, >50K,1.0,1.0,1.0,10,0.03%
44.0, >50K,5.0,1.0,0.0,10,0.03%
43.0, >50K,3.0,0.0,1.0,10,0.03%
65.0, <=50K,1.0,0.0,1.0,10,0.03%
57.0, >50K,0.0,1.0,1.0,10,0.03%
64.0, <=50K,2.0,1.0,1.0,10,0.03%
45.0, >50K,5.0,1.0,1.0,10,0.03%
39.0, >50K,5.0,1.0,1.0,10,0.03%
65.0, <=50K,3.0,1.0,1.0,10,0.03%
55.0, <=50K,1.0,0.0,1.0,10,0.03%
28.0, >50K,1.0,1.0,1.0,10,0.03%
58.0, <=50K,3.0,1.0,0.0,10,0.03%
46.0, <=50K,0.0,0.0,0.0,10,0.03%
36.0, >50K,0.0,0.0,1.0,10,0.03%
58.0, <=50K,3.0,0.0,1.0,10,0.03%
58.0, <=50K,0.0,1.0,0.0,10,0.03%
58.0, <=50K,1.0,0.0,1.0,10,0.03%
45.0, >50K,5.0,1.0,0.0,10,0.03%
63.0, <=50K,5.0,0.0,0.0,10,0.03%
40.0, <=50K,3.0,1.0,1.0,10,0.03%
35.0, >50K,5.0,0.0,1.0,10,0.03%
58.0, >50K,1.0,1.0,1.0,10,0.03%
34.0, >50K,3.0,1.0,0.0,10,0.03%
55.0, <=50K,4.0,1.0,1.0,10,0.03%
61.0, <=50K,0.0,0.0,0.0,9,0.03%
49.0, >50K,3.0,1.0,0.0,9,0.03%
50.0, >50K,4.0,1.0,1.0,9,0.03%
49.0, >50K,1.0,1.0,1.0,9,0.03%
49.0, >50K,2.0,0.0,0.0,9,0.03%
36.0, >50K,1.0,0.0,1.0,9,0.03%
59.0, <=50K,1.0,1.0,0.0,9,0.03%
61.0, <=50K,3.0,1.0,0.0,9,0.03%
49.0, >50K,0.0,0.0,0.0,9,0.03%
32.0, >50K,4.0,1.0,0.0,9,0.03%
58.0, <=50K,5.0,0.0,0.0,9,0.03%
61.0, <=50K,5.0,1.0,0.0,9,0.03%
58.0, <=50K,2.0,1.0,0.0,9,0.03%
60.0, >50K,3.0,1.0,1.0,9,0.03%
35.0, >50K,4.0,0.0,1.0,9,0.03%
57.0, <=50K,0.0,0.0,0.0,9,0.03%
58.0, >50K,2.0,0.0,1.0,9,0.03%
50.0, <=50K,5.0,1.0,1.0,9,0.03%
50.0, >50K,0.0,0.0,0.0,9,0.03%
50.0, <=50K,2.0,1.0,0.0,9,0.03%
61.0, <=50K,1.0,1.0,0.0,9,0.03%
32.0, >50K,3.0,1.0,0.0,9,0.03%
57.0, <=50K,2.0,0.0,0.0,9,0.03%
50.0, >50K,2.0,0.0,0.0,9,0.03%
41.0, >50K,4.0,1.0,1.0,9,0.03%
50.0, >50K,2.0,1.0,1.0,9,0.03%
50.0, >50K,3.0,0.0,0.0,9,0.03%
41.0, >50K,5.0,0.0,0.0,9,0.03%
32.0, >50K,1.0,0.0,0.0,9,0.03%
61.0, <=50K,2.0,1.0,0.0,9,0.03%
57.0, >50K,2.0,1.0,1.0,9,0.03%
61.0, <=50K,3.0,0.0,0.0,9,0.03%
32.0, >50K,3.0,0.0,0.0,9,0.03%
54.0, >50K,3.0,1.0,0.0,9,0.03%
59.0, <=50K,2.0,0.0,1.0,9,0.03%
29.0, >50K,3.0,1.0,0.0,9,0.03%
55.0, <=50K,5.0,0.0,1.0,9,0.03%
53.0, <=50K,5.0,0.0,0.0,9,0.03%
53.0, >50K,1.0,0.0,1.0,9,0.03%
53.0, >50K,1.0,1.0,1.0,9,0.03%
53.0, >50K,2.0,0.0,1.0,9,0.03%
53.0, >50K,2.0,1.0,0.0,9,0.03%
55.0, <=50K,4.0,0.0,0.0,9,0.03%
53.0, >50K,4.0,1.0,0.0,9,0.03%
53.0, >50K,5.0,1.0,0.0,9,0.03%
55.0, <=50K,3.0,0.0,0.0,9,0.03%
54.0, <=50K,0.0,1.0,1.0,9,0.03%
40.0, >50K,1.0,0.0,1.0,9,0.03%
40.0, >50K,1.0,0.0,0.0,9,0.03%
54.0, <=50K,2.0,0.0,0.0,9,0.03%
54.0, <=50K,2.0,0.0,1.0,9,0.03%
54.0, <=50K,4.0,0.0,1.0,9,0.03%
55.0, <=50K,1.0,0.0,0.0,9,0.03%
34.0, >50K,2.0,1.0,0.0,9,0.03%
54.0, >50K,5.0,1.0,1.0,9,0.03%
54.0, >50K,4.0,0.0,1.0,9,0.03%
38.0, >50K,3.0,1.0,0.0,9,0.03%
54.0, >50K,3.0,1.0,1.0,9,0.03%
54.0, >50K,3.0,0.0,0.0,9,0.03%
38.0, >50K,2.0,1.0,1.0,9,0.03%
55.0, >50K,0.0,1.0,0.0,9,0.03%
38.0, >50K,2.0,0.0,1.0,9,0.03%
33.0, >50K,1.0,0.0,0.0,9,0.03%
32.0, >50K,4.0,1.0,1.0,9,0.03%
39.0, >50K,0.0,0.0,1.0,9,0.03%
56.0, <=50K,4.0,0.0,1.0,9,0.03%
56.0, <=50K,3.0,1.0,1.0,9,0.03%
51.0, >50K,1.0,0.0,0.0,9,0.03%
56.0, <=50K,2.0,1.0,0.0,9,0.03%
41.0, >50K,1.0,1.0,0.0,9,0.03%
51.0, >50K,3.0,1.0,1.0,9,0.03%
56.0, <=50K,1.0,1.0,0.0,9,0.03%
38.0, >50K,4.0,0.0,0.0,9,0.03%
36.0, >50K,1.0,1.0,1.0,9,0.03%
53.0, <=50K,0.0,0.0,1.0,9,0.03%
52.0, <=50K,2.0,0.0,1.0,9,0.03%
38.0, >50K,1.0,1.0,0.0,9,0.03%
33.0, >50K,1.0,1.0,1.0,9,0.03%
52.0, <=50K,4.0,1.0,1.0,9,0.03%
38.0, >50K,2.0,0.0,0.0,9,0.03%
33.0, >50K,4.0,0.0,0.0,9,0.03%
52.0, >50K,3.0,1.0,0.0,9,0.03%
33.0, >50K,4.0,1.0,1.0,9,0.03%
52.0, >50K,5.0,1.0,0.0,9,0.03%
55.0, >50K,3.0,1.0,0.0,9,0.03%
31.0, >50K,5.0,0.0,1.0,9,0.03%
58.0, <=50K,5.0,0.0,1.0,9,0.03%
43.0, >50K,0.0,1.0,0.0,9,0.03%
42.0, >50K,1.0,0.0,0.0,9,0.03%
64.0, <=50K,0.0,0.0,0.0,9,0.03%
45.0, >50K,2.0,0.0,1.0,9,0.03%
48.0, >50K,4.0,1.0,1.0,9,0.03%
43.0, >50K,5.0,1.0,0.0,9,0.03%
42.0, >50K,1.0,1.0,1.0,9,0.03%
45.0, >50K,4.0,0.0,0.0,9,0.03%
48.0, >50K,3.0,1.0,0.0,9,0.03%
48.0, >50K,3.0,0.0,1.0,9,0.03%
65.0, <=50K,4.0,1.0,1.0,9,0.03%
62.0, <=50K,0.0,1.0,1.0,9,0.03%
48.0, >50K,1.0,0.0,0.0,9,0.03%
48.0, >50K,0.0,1.0,1.0,9,0.03%
62.0, <=50K,1.0,0.0,1.0,9,0.03%
48.0, >50K,0.0,0.0,0.0,9,0.03%
48.0, <=50K,5.0,1.0,1.0,9,0.03%
37.0, >50K,3.0,1.0,0.0,9,0.03%
63.0, <=50K,3.0,1.0,1.0,9,0.03%
31.0, >50K,4.0,0.0,0.0,9,0.03%
43.0, >50K,2.0,1.0,0.0,9,0.03%
46.0, >50K,3.0,1.0,0.0,9,0.03%
46.0, >50K,5.0,1.0,1.0,9,0.03%
48.0, <=50K,2.0,0.0,0.0,9,0.03%
31.0, >50K,3.0,0.0,0.0,9,0.03%
37.0, >50K,2.0,1.0,1.0,9,0.03%
62.0, <=50K,2.0,1.0,1.0,9,0.03%
31.0, >50K,1.0,1.0,1.0,9,0.03%
37.0, >50K,1.0,0.0,1.0,9,0.03%
62.0, <=50K,4.0,0.0,0.0,9,0.03%
47.0, >50K,3.0,0.0,0.0,9,0.03%
48.0, >50K,5.0,1.0,0.0,9,0.03%
43.0, >50K,3.0,1.0,1.0,9,0.03%
64.0, <=50K,0.0,1.0,1.0,9,0.03%
44.0, >50K,4.0,1.0,1.0,9,0.03%
42.0, >50K,0.0,1.0,1.0,9,0.03%
30.0, >50K,0.0,0.0,0.0,9,0.03%
44.0, >50K,0.0,1.0,1.0,9,0.03%
44.0, >50K,0.0,1.0,0.0,9,0.03%
44.0, >50K,2.0,1.0,0.0,9,0.03%
53.0, <=50K,5.0,0.0,1.0,8,0.02%
53.0, <=50K,5.0,1.0,0.0,8,0.02%
58.0, <=50K,1.0,1.0,0.0,8,0.02%
58.0, <=50K,1.0,0.0,0.0,8,0.02%
53.0, >50K,1.0,1.0,0.0,8,0.02%
63.0, <=50K,1.0,1.0,1.0,8,0.02%
27.0, >50K,1.0,1.0,0.0,8,0.02%
67.0, <=50K,5.0,0.0,1.0,8,0.02%
64.0, <=50K,5.0,1.0,1.0,8,0.02%
63.0, <=50K,2.0,0.0,0.0,8,0.02%
46.0, >50K,3.0,1.0,1.0,8,0.02%
58.0, >50K,1.0,0.0,1.0,8,0.02%
37.0, >50K,3.0,0.0,0.0,8,0.02%
54.0, <=50K,1.0,1.0,0.0,8,0.02%
43.0, >50K,1.0,1.0,1.0,8,0.02%
40.0, >50K,0.0,1.0,1.0,8,0.02%
54.0, <=50K,3.0,1.0,0.0,8,0.02%
33.0, >50K,5.0,1.0,0.0,8,0.02%
60.0, <=50K,1.0,0.0,0.0,8,0.02%
60.0, <=50K,0.0,1.0,0.0,8,0.02%
54.0, <=50K,4.0,1.0,1.0,8,0.02%
38.0, >50K,0.0,1.0,1.0,8,0.02%
52.0, <=50K,0.0,0.0,0.0,8,0.02%
33.0, >50K,0.0,1.0,1.0,8,0.02%
58.0, <=50K,4.0,1.0,1.0,8,0.02%
60.0, <=50K,4.0,1.0,0.0,8,0.02%
33.0, >50K,1.0,0.0,1.0,8,0.02%
36.0, >50K,0.0,1.0,0.0,8,0.02%
33.0, >50K,1.0,1.0,0.0,8,0.02%
62.0, <=50K,5.0,1.0,1.0,8,0.02%
52.0, >50K,0.0,0.0,1.0,8,0.02%
52.0, >50K,0.0,1.0,0.0,8,0.02%
52.0, >50K,1.0,0.0,0.0,8,0.02%
66.0, <=50K,2.0,0.0,0.0,8,0.02%
60.0, <=50K,2.0,0.0,1.0,8,0.02%
52.0, >50K,2.0,1.0,0.0,8,0.02%
52.0, >50K,5.0,0.0,1.0,8,0.02%
47.0, <=50K,2.0,0.0,1.0,8,0.02%
68.0, <=50K,4.0,0.0,0.0,8,0.02%
34.0, >50K,2.0,0.0,0.0,8,0.02%
57.0, >50K,2.0,0.0,0.0,8,0.02%
45.0, >50K,3.0,1.0,1.0,8,0.02%
55.0, <=50K,4.0,0.0,1.0,8,0.02%
35.0, >50K,2.0,0.0,1.0,8,0.02%
57.0, <=50K,0.0,0.0,1.0,8,0.02%
43.0, >50K,4.0,0.0,1.0,8,0.02%
45.0, >50K,5.0,0.0,0.0,8,0.02%
28.0, >50K,2.0,0.0,0.0,8,0.02%
59.0, <=50K,5.0,1.0,0.0,8,0.02%
55.0, >50K,2.0,1.0,1.0,8,0.02%
59.0, <=50K,0.0,0.0,0.0,8,0.02%
65.0, <=50K,4.0,0.0,1.0,8,0.02%
55.0, >50K,5.0,0.0,0.0,8,0.02%
30.0, >50K,0.0,1.0,0.0,8,0.02%
29.0, >50K,2.0,0.0,1.0,8,0.02%
56.0, >50K,2.0,0.0,0.0,8,0.02%
56.0, <=50K,0.0,0.0,1.0,8,0.02%
45.0, >50K,1.0,1.0,1.0,8,0.02%
65.0, <=50K,1.0,1.0,1.0,8,0.02%
65.0, <=50K,0.0,1.0,1.0,8,0.02%
35.0, >50K,0.0,0.0,1.0,8,0.02%
34.0, >50K,4.0,0.0,0.0,8,0.02%
59.0, <=50K,2.0,1.0,1.0,8,0.02%
59.0, >50K,1.0,1.0,0.0,8,0.02%
54.0, >50K,0.0,1.0,0.0,8,0.02%
67.0, <=50K,4.0,0.0,0.0,8,0.02%
54.0, >50K,1.0,0.0,1.0,8,0.02%
30.0, >50K,3.0,0.0,0.0,8,0.02%
29.0, >50K,5.0,1.0,0.0,8,0.02%
63.0, <=50K,4.0,1.0,1.0,8,0.02%
57.0, >50K,0.0,0.0,1.0,8,0.02%
54.0, >50K,4.0,1.0,0.0,8,0.02%
44.0, >50K,4.0,0.0,0.0,8,0.02%
17.0, <=50K,3.0,0.0,0.0,8,0.02%
57.0, <=50K,4.0,1.0,0.0,8,0.02%
55.0, <=50K,0.0,0.0,0.0,8,0.02%
58.0, >50K,4.0,0.0,0.0,8,0.02%
57.0, <=50K,3.0,0.0,1.0,8,0.02%
34.0, >50K,2.0,1.0,1.0,8,0.02%
60.0, <=50K,5.0,0.0,1.0,8,0.02%
34.0, >50K,3.0,0.0,0.0,8,0.02%
35.0, >50K,2.0,1.0,0.0,8,0.02%
32.0, >50K,5.0,1.0,0.0,8,0.02%
54.0, >50K,0.0,0.0,0.0,8,0.02%
36.0, >50K,5.0,0.0,0.0,8,0.02%
61.0, >50K,2.0,1.0,1.0,8,0.02%
49.0, >50K,5.0,0.0,0.0,8,0.02%
50.0, <=50K,2.0,1.0,1.0,8,0.02%
32.0, >50K,4.0,0.0,1.0,8,0.02%
48.0, >50K,3.0,1.0,1.0,8,0.02%
49.0, >50K,3.0,0.0,0.0,8,0.02%
32.0, >50K,2.0,0.0,1.0,8,0.02%
32.0, >50K,1.0,1.0,1.0,8,0.02%
51.0, >50K,2.0,1.0,1.0,8,0.02%
61.0, <=50K,1.0,0.0,0.0,8,0.02%
51.0, >50K,1.0,1.0,0.0,8,0.02%
47.0, >50K,5.0,0.0,1.0,8,0.02%
32.0, >50K,0.0,0.0,0.0,8,0.02%
48.0, >50K,1.0,1.0,1.0,8,0.02%
48.0, >50K,0.0,0.0,1.0,8,0.02%
32.0, >50K,0.0,1.0,1.0,8,0.02%
49.0, >50K,2.0,0.0,1.0,8,0.02%
42.0, >50K,2.0,0.0,0.0,8,0.02%
36.0, >50K,3.0,0.0,1.0,8,0.02%
32.0, >50K,3.0,0.0,1.0,8,0.02%
72.0, <=50K,1.0,1.0,0.0,7,0.02%
58.0, >50K,4.0,0.0,1.0,7,0.02%
63.0, <=50K,3.0,0.0,0.0,7,0.02%
46.0, >50K,2.0,1.0,0.0,7,0.02%
57.0, <=50K,2.0,1.0,0.0,7,0.02%
56.0, <=50K,5.0,0.0,0.0,7,0.02%
54.0, <=50K,3.0,0.0,0.0,7,0.02%
57.0, <=50K,2.0,0.0,1.0,7,0.02%
42.0, >50K,5.0,1.0,0.0,7,0.02%
54.0, <=50K,2.0,1.0,0.0,7,0.02%
59.0, >50K,5.0,0.0,1.0,7,0.02%
62.0, <=50K,2.0,0.0,0.0,7,0.02%
30.0, >50K,4.0,0.0,0.0,7,0.02%
36.0, >50K,4.0,0.0,1.0,7,0.02%
60.0, >50K,1.0,0.0,0.0,7,0.02%
53.0, >50K,2.0,1.0,1.0,7,0.02%
64.0, <=50K,4.0,0.0,0.0,7,0.02%
37.0, >50K,0.0,0.0,0.0,7,0.02%
57.0, <=50K,5.0,0.0,1.0,7,0.02%
59.0, >50K,5.0,0.0,0.0,7,0.02%
59.0, >50K,4.0,1.0,1.0,7,0.02%
55.0, >50K,1.0,0.0,1.0,7,0.02%
57.0, <=50K,4.0,1.0,1.0,7,0.02%
53.0, >50K,5.0,0.0,0.0,7,0.02%
57.0, <=50K,4.0,0.0,0.0,7,0.02%
49.0, >50K,4.0,0.0,0.0,7,0.02%
56.0, <=50K,1.0,0.0,0.0,7,0.02%
49.0, >50K,2.0,1.0,1.0,7,0.02%
60.0, >50K,2.0,1.0,0.0,7,0.02%
46.0, >50K,1.0,1.0,0.0,7,0.02%
30.0, >50K,1.0,0.0,0.0,7,0.02%
37.0, >50K,2.0,0.0,0.0,7,0.02%
50.0, >50K,0.0,1.0,1.0,7,0.02%
59.0, >50K,0.0,0.0,1.0,7,0.02%
64.0, <=50K,2.0,1.0,0.0,7,0.02%
27.0, >50K,5.0,1.0,0.0,7,0.02%
63.0, <=50K,5.0,1.0,1.0,7,0.02%
64.0, <=50K,1.0,1.0,1.0,7,0.02%
35.0, >50K,1.0,0.0,1.0,7,0.02%
67.0, <=50K,2.0,1.0,1.0,7,0.02%
67.0, <=50K,0.0,1.0,0.0,7,0.02%
55.0, <=50K,5.0,0.0,0.0,7,0.02%
59.0, >50K,2.0,0.0,1.0,7,0.02%
60.0, >50K,3.0,0.0,1.0,7,0.02%
63.0, <=50K,4.0,1.0,0.0,7,0.02%
59.0, <=50K,0.0,1.0,0.0,7,0.02%
56.0, >50K,4.0,0.0,1.0,7,0.02%
27.0, >50K,3.0,0.0,0.0,7,0.02%
42.0, >50K,3.0,0.0,1.0,7,0.02%
55.0, <=50K,5.0,1.0,0.0,7,0.02%
56.0, >50K,5.0,0.0,1.0,7,0.02%
54.0, >50K,1.0,0.0,0.0,7,0.02%
56.0, >50K,5.0,1.0,0.0,7,0.02%
50.0, >50K,5.0,1.0,0.0,7,0.02%
50.0, >50K,5.0,1.0,1.0,7,0.02%
49.0, >50K,4.0,1.0,0.0,7,0.02%
27.0, >50K,2.0,1.0,0.0,7,0.02%
55.0, >50K,2.0,0.0,0.0,7,0.02%
54.0, <=50K,5.0,0.0,1.0,7,0.02%
57.0, <=50K,0.0,1.0,0.0,7,0.02%
32.0, >50K,1.0,0.0,1.0,7,0.02%
60.0, >50K,4.0,0.0,1.0,7,0.02%
69.0, <=50K,2.0,0.0,1.0,7,0.02%
61.0, >50K,3.0,0.0,0.0,7,0.02%
35.0, >50K,5.0,0.0,0.0,7,0.02%
52.0, <=50K,5.0,0.0,1.0,7,0.02%
33.0, >50K,3.0,0.0,0.0,7,0.02%
66.0, <=50K,4.0,0.0,0.0,7,0.02%
44.0, >50K,1.0,1.0,0.0,7,0.02%
51.0, >50K,1.0,1.0,1.0,7,0.02%
52.0, >50K,0.0,1.0,1.0,7,0.02%
52.0, >50K,1.0,1.0,0.0,7,0.02%
60.0, <=50K,2.0,1.0,0.0,7,0.02%
62.0, <=50K,3.0,1.0,0.0,7,0.02%
60.0, <=50K,2.0,0.0,0.0,7,0.02%
51.0, >50K,0.0,1.0,0.0,7,0.02%
52.0, >50K,2.0,1.0,1.0,7,0.02%
52.0, >50K,3.0,0.0,1.0,7,0.02%
55.0, >50K,2.0,0.0,1.0,7,0.02%
28.0, >50K,3.0,0.0,1.0,7,0.02%
60.0, <=50K,3.0,0.0,1.0,7,0.02%
33.0, >50K,2.0,0.0,0.0,7,0.02%
31.0, >50K,5.0,1.0,0.0,7,0.02%
31.0, >50K,0.0,1.0,0.0,7,0.02%
44.0, >50K,0.0,0.0,1.0,7,0.02%
33.0, >50K,0.0,1.0,0.0,7,0.02%
62.0, <=50K,4.0,1.0,0.0,7,0.02%
51.0, >50K,4.0,0.0,0.0,7,0.02%
62.0, <=50K,5.0,0.0,0.0,7,0.02%
30.0, >50K,2.0,0.0,0.0,7,0.02%
61.0, >50K,2.0,1.0,0.0,7,0.02%
58.0, <=50K,5.0,1.0,1.0,7,0.02%
62.0, <=50K,5.0,1.0,0.0,7,0.02%
52.0, <=50K,2.0,1.0,0.0,7,0.02%
60.0, <=50K,4.0,0.0,0.0,7,0.02%
47.0, >50K,4.0,0.0,0.0,7,0.02%
31.0, >50K,0.0,0.0,1.0,7,0.02%
58.0, <=50K,0.0,1.0,1.0,7,0.02%
66.0, <=50K,1.0,1.0,0.0,7,0.02%
35.0, >50K,4.0,0.0,0.0,7,0.02%
31.0, >50K,2.0,1.0,1.0,7,0.02%
31.0, >50K,2.0,0.0,1.0,7,0.02%
55.0, >50K,3.0,0.0,0.0,7,0.02%
40.0, >50K,3.0,1.0,1.0,7,0.02%
58.0, >50K,2.0,1.0,0.0,7,0.02%
60.0, <=50K,0.0,0.0,1.0,7,0.02%
57.0, >50K,2.0,1.0,0.0,7,0.02%
32.0, >50K,0.0,1.0,0.0,7,0.02%
59.0, <=50K,5.0,0.0,0.0,7,0.02%
49.0, >50K,1.0,1.0,0.0,7,0.02%
57.0, >50K,1.0,0.0,1.0,7,0.02%
59.0, >50K,5.0,1.0,0.0,7,0.02%
57.0, >50K,1.0,0.0,0.0,7,0.02%
53.0, >50K,0.0,1.0,1.0,7,0.02%
56.0, >50K,1.0,0.0,1.0,7,0.02%
52.0, >50K,5.0,0.0,0.0,7,0.02%
64.0, <=50K,5.0,0.0,1.0,7,0.02%
33.0, >50K,5.0,0.0,0.0,7,0.02%
39.0, >50K,3.0,1.0,0.0,7,0.02%
47.0, >50K,5.0,1.0,1.0,7,0.02%
49.0, >50K,1.0,0.0,0.0,7,0.02%
49.0, <=50K,2.0,1.0,0.0,7,0.02%
55.0, >50K,4.0,1.0,0.0,7,0.02%
56.0, <=50K,3.0,1.0,0.0,7,0.02%
60.0, <=50K,1.0,1.0,0.0,7,0.02%
30.0, >50K,5.0,1.0,0.0,7,0.02%
30.0, >50K,5.0,1.0,1.0,7,0.02%
64.0, <=50K,1.0,0.0,0.0,6,0.02%
29.0, >50K,0.0,1.0,0.0,6,0.02%
65.0, <=50K,1.0,0.0,0.0,6,0.02%
65.0, <=50K,1.0,1.0,0.0,6,0.02%
65.0, <=50K,0.0,1.0,0.0,6,0.02%
28.0, >50K,4.0,1.0,0.0,6,0.02%
64.0, <=50K,2.0,0.0,1.0,6,0.02%
30.0, >50K,1.0,0.0,1.0,6,0.02%
35.0, >50K,0.0,1.0,0.0,6,0.02%
39.0, >50K,2.0,0.0,0.0,6,0.02%
47.0, >50K,2.0,0.0,1.0,6,0.02%
57.0, <=50K,3.0,1.0,0.0,6,0.02%
56.0, >50K,1.0,1.0,0.0,6,0.02%
67.0, <=50K,5.0,0.0,0.0,6,0.02%
29.0, >50K,5.0,0.0,1.0,6,0.02%
64.0, <=50K,4.0,0.0,1.0,6,0.02%
58.0, >50K,1.0,1.0,0.0,6,0.02%
57.0, >50K,4.0,0.0,0.0,6,0.02%
57.0, >50K,4.0,0.0,1.0,6,0.02%
57.0, >50K,4.0,1.0,0.0,6,0.02%
57.0, >50K,4.0,1.0,1.0,6,0.02%
67.0, <=50K,4.0,0.0,1.0,6,0.02%
66.0, <=50K,5.0,1.0,1.0,6,0.02%
58.0, <=50K,0.0,0.0,0.0,6,0.02%
29.0, >50K,4.0,0.0,1.0,6,0.02%
58.0, >50K,0.0,0.0,1.0,6,0.02%
64.0, >50K,3.0,0.0,1.0,6,0.02%
29.0, >50K,3.0,0.0,1.0,6,0.02%
35.0, >50K,5.0,1.0,1.0,6,0.02%
61.0, >50K,1.0,1.0,0.0,6,0.02%
58.0, >50K,2.0,1.0,1.0,6,0.02%
58.0, >50K,3.0,1.0,0.0,6,0.02%
29.0, >50K,0.0,1.0,1.0,6,0.02%
49.0, >50K,4.0,1.0,1.0,6,0.02%
61.0, <=50K,3.0,0.0,1.0,6,0.02%
29.0, >50K,1.0,1.0,1.0,6,0.02%
59.0, <=50K,1.0,0.0,1.0,6,0.02%
56.0, >50K,3.0,0.0,1.0,6,0.02%
36.0, >50K,1.0,1.0,0.0,6,0.02%
42.0, >50K,0.0,0.0,1.0,6,0.02%
56.0, >50K,4.0,1.0,0.0,6,0.02%
61.0, <=50K,3.0,1.0,1.0,6,0.02%
66.0, <=50K,5.0,1.0,0.0,6,0.02%
35.0, >50K,2.0,0.0,0.0,6,0.02%
61.0, >50K,4.0,1.0,0.0,6,0.02%
49.0, >50K,3.0,0.0,1.0,6,0.02%
37.0, >50K,4.0,0.0,0.0,6,0.02%
57.0, <=50K,4.0,0.0,1.0,6,0.02%
35.0, >50K,3.0,1.0,1.0,6,0.02%
58.0, >50K,3.0,1.0,1.0,6,0.02%
32.0, >50K,1.0,1.0,0.0,6,0.02%
65.0, <=50K,4.0,1.0,0.0,6,0.02%
61.0, >50K,0.0,0.0,1.0,6,0.02%
31.0, >50K,4.0,0.0,1.0,6,0.02%
53.0, >50K,5.0,0.0,1.0,6,0.02%
53.0, >50K,5.0,1.0,1.0,6,0.02%
26.0, >50K,4.0,1.0,1.0,6,0.02%
39.0, >50K,4.0,1.0,0.0,6,0.02%
52.0, >50K,4.0,0.0,0.0,6,0.02%
63.0, <=50K,3.0,0.0,1.0,6,0.02%
31.0, >50K,3.0,1.0,1.0,6,0.02%
30.0, >50K,3.0,1.0,0.0,6,0.02%
69.0, <=50K,4.0,0.0,1.0,6,0.02%
59.0, >50K,4.0,0.0,1.0,6,0.02%
69.0, <=50K,4.0,1.0,0.0,6,0.02%
60.0, >50K,2.0,0.0,0.0,6,0.02%
68.0, <=50K,3.0,1.0,1.0,6,0.02%
54.0, <=50K,4.0,1.0,0.0,6,0.02%
59.0, >50K,4.0,0.0,0.0,6,0.02%
52.0, >50K,3.0,1.0,1.0,6,0.02%
26.0, >50K,0.0,0.0,1.0,6,0.02%
66.0, <=50K,0.0,1.0,1.0,6,0.02%
61.0, >50K,0.0,1.0,0.0,6,0.02%
67.0, <=50K,1.0,1.0,0.0,6,0.02%
51.0, <=50K,4.0,1.0,0.0,6,0.02%
53.0, <=50K,2.0,1.0,0.0,6,0.02%
40.0, >50K,4.0,1.0,1.0,6,0.02%
62.0, >50K,5.0,0.0,1.0,6,0.02%
40.0, >50K,3.0,1.0,0.0,6,0.02%
62.0, <=50K,3.0,0.0,1.0,6,0.02%
33.0, >50K,5.0,1.0,1.0,6,0.02%
63.0, <=50K,0.0,1.0,0.0,6,0.02%
60.0, <=50K,0.0,0.0,0.0,6,0.02%
53.0, >50K,3.0,0.0,1.0,6,0.02%
59.0, >50K,5.0,1.0,1.0,6,0.02%
53.0, >50K,0.0,1.0,0.0,6,0.02%
66.0, <=50K,0.0,1.0,0.0,6,0.02%
63.0, <=50K,1.0,0.0,1.0,6,0.02%
63.0, <=50K,1.0,1.0,0.0,6,0.02%
68.0, <=50K,5.0,1.0,0.0,6,0.02%
53.0, >50K,3.0,0.0,0.0,6,0.02%
54.0, >50K,0.0,1.0,1.0,6,0.02%
33.0, >50K,5.0,0.0,1.0,6,0.02%
68.0, <=50K,3.0,0.0,0.0,6,0.02%
55.0, >50K,0.0,0.0,1.0,6,0.02%
62.0, <=50K,0.0,0.0,1.0,6,0.02%
62.0, <=50K,0.0,1.0,0.0,6,0.02%
68.0, <=50K,0.0,0.0,1.0,6,0.02%
60.0, >50K,5.0,0.0,1.0,6,0.02%
28.0, >50K,1.0,1.0,0.0,6,0.02%
68.0, <=50K,1.0,0.0,0.0,6,0.02%
52.0, <=50K,1.0,1.0,0.0,6,0.02%
59.0, <=50K,4.0,1.0,1.0,6,0.02%
55.0, >50K,0.0,1.0,1.0,6,0.02%
33.0, >50K,0.0,0.0,0.0,6,0.02%
55.0, >50K,1.0,0.0,0.0,6,0.02%
55.0, >50K,1.0,1.0,1.0,6,0.02%
55.0, >50K,4.0,0.0,1.0,6,0.02%
70.0, <=50K,2.0,1.0,0.0,6,0.02%
41.0, >50K,1.0,0.0,0.0,6,0.02%
59.0, <=50K,5.0,1.0,1.0,6,0.02%
59.0, >50K,0.0,1.0,0.0,6,0.02%
33.0, >50K,2.0,1.0,1.0,6,0.02%
47.0, >50K,4.0,1.0,1.0,6,0.02%
48.0, >50K,5.0,0.0,0.0,6,0.02%
28.0, >50K,2.0,1.0,1.0,6,0.02%
68.0, <=50K,2.0,0.0,0.0,6,0.02%
50.0, >50K,4.0,0.0,0.0,6,0.02%
54.0, >50K,5.0,0.0,0.0,6,0.02%
51.0, >50K,4.0,0.0,1.0,6,0.02%
43.0, >50K,5.0,0.0,1.0,6,0.02%
51.0, >50K,2.0,0.0,1.0,6,0.02%
65.0, <=50K,5.0,1.0,1.0,6,0.02%
31.0, >50K,4.0,1.0,0.0,6,0.02%
33.0, >50K,2.0,0.0,1.0,6,0.02%
47.0, >50K,0.0,0.0,0.0,6,0.02%
59.0, >50K,0.0,0.0,0.0,6,0.02%
66.0, <=50K,0.0,0.0,0.0,5,0.02%
62.0, >50K,4.0,0.0,0.0,5,0.02%
66.0, <=50K,0.0,0.0,1.0,5,0.02%
61.0, <=50K,4.0,1.0,0.0,5,0.02%
61.0, <=50K,5.0,0.0,1.0,5,0.02%
60.0, <=50K,1.0,1.0,1.0,5,0.02%
62.0, <=50K,5.0,0.0,1.0,5,0.02%
64.0, <=50K,5.0,1.0,0.0,5,0.02%
66.0, <=50K,3.0,0.0,1.0,5,0.02%
66.0, <=50K,1.0,1.0,1.0,5,0.02%
61.0, <=50K,1.0,1.0,1.0,5,0.02%
65.0, >50K,5.0,0.0,0.0,5,0.02%
59.0, >50K,2.0,1.0,1.0,5,0.02%
65.0, <=50K,2.0,1.0,0.0,5,0.02%
62.0, <=50K,0.0,0.0,0.0,5,0.02%
65.0, <=50K,3.0,0.0,0.0,5,0.02%
59.0, <=50K,3.0,0.0,0.0,5,0.02%
65.0, <=50K,3.0,1.0,0.0,5,0.02%
63.0, >50K,1.0,0.0,1.0,5,0.02%
60.0, >50K,4.0,0.0,0.0,5,0.02%
65.0, <=50K,5.0,1.0,0.0,5,0.02%
64.0, <=50K,3.0,0.0,1.0,5,0.02%
62.0, <=50K,1.0,1.0,0.0,5,0.02%
63.0, <=50K,4.0,0.0,0.0,5,0.02%
59.0, >50K,3.0,0.0,0.0,5,0.02%
62.0, <=50K,2.0,1.0,0.0,5,0.02%
67.0, <=50K,3.0,0.0,1.0,5,0.02%
59.0, >50K,3.0,1.0,1.0,5,0.02%
67.0, <=50K,1.0,0.0,1.0,5,0.02%
64.0, <=50K,3.0,1.0,1.0,5,0.02%
60.0, >50K,1.0,1.0,1.0,5,0.02%
60.0, >50K,1.0,1.0,0.0,5,0.02%
61.0, >50K,4.0,0.0,0.0,5,0.02%
63.0, <=50K,2.0,1.0,0.0,5,0.02%
67.0, <=50K,2.0,0.0,0.0,5,0.02%
60.0, >50K,0.0,0.0,0.0,5,0.02%
58.0, >50K,3.0,0.0,1.0,5,0.02%
67.0, <=50K,2.0,0.0,1.0,5,0.02%
29.0, >50K,3.0,1.0,1.0,5,0.02%
35.0, >50K,5.0,1.0,0.0,5,0.02%
73.0, <=50K,5.0,0.0,0.0,5,0.02%
26.0, >50K,5.0,0.0,1.0,5,0.02%
32.0, >50K,5.0,0.0,1.0,5,0.02%
74.0, <=50K,0.0,0.0,0.0,5,0.02%
52.0, <=50K,2.0,0.0,0.0,5,0.02%
52.0, >50K,0.0,0.0,0.0,5,0.02%
33.0, >50K,3.0,1.0,1.0,5,0.02%
52.0, >50K,2.0,0.0,1.0,5,0.02%
52.0, >50K,4.0,1.0,0.0,5,0.02%
53.0, <=50K,0.0,1.0,0.0,5,0.02%
68.0, <=50K,5.0,0.0,1.0,5,0.02%
27.0, >50K,1.0,0.0,1.0,5,0.02%
53.0, <=50K,3.0,0.0,0.0,5,0.02%
40.0, >50K,4.0,1.0,0.0,5,0.02%
53.0, >50K,0.0,0.0,0.0,5,0.02%
53.0, >50K,1.0,0.0,0.0,5,0.02%
34.0, >50K,0.0,0.0,0.0,5,0.02%
54.0, <=50K,0.0,0.0,1.0,5,0.02%
54.0, <=50K,1.0,0.0,0.0,5,0.02%
40.0, >50K,0.0,1.0,0.0,5,0.02%
34.0, >50K,0.0,0.0,1.0,5,0.02%
54.0, >50K,4.0,0.0,0.0,5,0.02%
26.0, >50K,5.0,0.0,0.0,5,0.02%
69.0, <=50K,3.0,0.0,1.0,5,0.02%
34.0, >50K,3.0,0.0,1.0,5,0.02%
69.0, <=50K,3.0,1.0,1.0,5,0.02%
71.0, <=50K,2.0,0.0,1.0,5,0.02%
71.0, <=50K,1.0,1.0,1.0,5,0.02%
71.0, <=50K,0.0,1.0,0.0,5,0.02%
71.0, <=50K,4.0,1.0,1.0,5,0.02%
25.0, >50K,4.0,0.0,0.0,5,0.02%
49.0, >50K,5.0,1.0,1.0,5,0.02%
48.0, >50K,4.0,0.0,1.0,5,0.02%
24.0, >50K,5.0,0.0,1.0,5,0.02%
48.0, >50K,2.0,0.0,1.0,5,0.02%
72.0, <=50K,4.0,0.0,1.0,5,0.02%
31.0, >50K,2.0,1.0,0.0,5,0.02%
32.0, >50K,2.0,1.0,0.0,5,0.02%
70.0, <=50K,2.0,0.0,1.0,5,0.02%
70.0, <=50K,1.0,1.0,1.0,5,0.02%
31.0, >50K,2.0,0.0,0.0,5,0.02%
31.0, >50K,1.0,1.0,0.0,5,0.02%
70.0, <=50K,1.0,1.0,0.0,5,0.02%
73.0, <=50K,2.0,0.0,1.0,5,0.02%
32.0, >50K,2.0,1.0,1.0,5,0.02%
50.0, >50K,3.0,1.0,0.0,5,0.02%
69.0, <=50K,5.0,0.0,0.0,5,0.02%
68.0, <=50K,1.0,1.0,1.0,5,0.02%
68.0, <=50K,4.0,1.0,1.0,5,0.02%
57.0, >50K,3.0,0.0,1.0,5,0.02%
57.0, >50K,3.0,1.0,1.0,5,0.02%
39.0, >50K,4.0,1.0,1.0,5,0.02%
56.0, >50K,0.0,0.0,0.0,5,0.02%
56.0, >50K,0.0,0.0,1.0,5,0.02%
56.0, >50K,0.0,1.0,0.0,5,0.02%
56.0, >50K,1.0,0.0,0.0,5,0.02%
57.0, >50K,3.0,0.0,0.0,5,0.02%
56.0, >50K,2.0,1.0,0.0,5,0.02%
29.0, >50K,4.0,1.0,1.0,5,0.02%
57.0, >50K,0.0,0.0,0.0,5,0.02%
57.0, <=50K,1.0,1.0,1.0,5,0.02%
56.0, >50K,3.0,1.0,1.0,5,0.02%
28.0, >50K,4.0,1.0,1.0,5,0.02%
29.0, >50K,0.0,0.0,0.0,5,0.02%
90.0, <=50K,2.0,0.0,1.0,5,0.02%
67.0, >50K,1.0,0.0,1.0,5,0.02%
43.0, >50K,5.0,0.0,0.0,5,0.02%
90.0, <=50K,2.0,1.0,1.0,5,0.02%
55.0, >50K,5.0,0.0,1.0,5,0.02%
68.0, <=50K,0.0,1.0,1.0,5,0.02%
29.0, >50K,2.0,1.0,1.0,5,0.02%
29.0, >50K,4.0,1.0,0.0,5,0.02%
29.0, >50K,4.0,0.0,0.0,5,0.02%
28.0, >50K,1.0,0.0,0.0,5,0.02%
67.0, <=50K,4.0,1.0,0.0,5,0.02%
73.0, <=50K,4.0,0.0,1.0,4,0.01%
29.0, >50K,3.0,0.0,0.0,4,0.01%
62.0, >50K,0.0,0.0,1.0,4,0.01%
64.0, <=50K,1.0,1.0,0.0,4,0.01%
29.0, >50K,1.0,0.0,0.0,4,0.01%
61.0, >50K,2.0,0.0,1.0,4,0.01%
73.0, <=50K,3.0,1.0,0.0,4,0.01%
66.0, <=50K,3.0,1.0,1.0,4,0.01%
31.0, >50K,4.0,1.0,1.0,4,0.01%
73.0, <=50K,3.0,0.0,1.0,4,0.01%
65.0, <=50K,0.0,0.0,1.0,4,0.01%
61.0, >50K,3.0,1.0,0.0,4,0.01%
26.0, >50K,3.0,1.0,1.0,4,0.01%
62.0, >50K,0.0,0.0,0.0,4,0.01%
30.0, >50K,0.0,0.0,1.0,4,0.01%
72.0, <=50K,5.0,1.0,1.0,4,0.01%
72.0, <=50K,5.0,0.0,0.0,4,0.01%
44.0, >50K,4.0,0.0,1.0,4,0.01%
29.0, >50K,5.0,1.0,1.0,4,0.01%
72.0, <=50K,0.0,0.0,1.0,4,0.01%
61.0, >50K,4.0,0.0,1.0,4,0.01%
48.0, >50K,0.0,1.0,0.0,4,0.01%
25.0, >50K,3.0,1.0,1.0,4,0.01%
66.0, <=50K,2.0,1.0,1.0,4,0.01%
61.0, >50K,4.0,1.0,1.0,4,0.01%
61.0, >50K,5.0,0.0,0.0,4,0.01%
48.0, >50K,3.0,0.0,0.0,4,0.01%
64.0, <=50K,4.0,1.0,0.0,4,0.01%
66.0, <=50K,4.0,1.0,1.0,4,0.01%
64.0, >50K,3.0,1.0,1.0,4,0.01%
28.0, >50K,0.0,0.0,1.0,4,0.01%
66.0, <=50K,1.0,0.0,1.0,4,0.01%
66.0, <=50K,2.0,1.0,0.0,4,0.01%
65.0, <=50K,2.0,0.0,1.0,4,0.01%
65.0, >50K,3.0,1.0,1.0,4,0.01%
75.0, <=50K,0.0,1.0,0.0,4,0.01%
63.0, >50K,3.0,0.0,0.0,4,0.01%
65.0, <=50K,3.0,0.0,1.0,4,0.01%
63.0, >50K,2.0,1.0,0.0,4,0.01%
75.0, <=50K,3.0,0.0,1.0,4,0.01%
46.0, >50K,3.0,0.0,0.0,4,0.01%
63.0, <=50K,3.0,1.0,0.0,4,0.01%
27.0, >50K,2.0,1.0,1.0,4,0.01%
27.0, >50K,3.0,0.0,1.0,4,0.01%
75.0, <=50K,4.0,1.0,1.0,4,0.01%
27.0, >50K,4.0,1.0,1.0,4,0.01%
27.0, >50K,5.0,0.0,0.0,4,0.01%
76.0, <=50K,4.0,1.0,0.0,4,0.01%
65.0, >50K,2.0,0.0,1.0,4,0.01%
27.0, >50K,5.0,0.0,1.0,4,0.01%
76.0, <=50K,3.0,1.0,1.0,4,0.01%
61.0, >50K,1.0,0.0,1.0,4,0.01%
28.0, >50K,3.0,0.0,0.0,4,0.01%
66.0, <=50K,2.0,0.0,1.0,4,0.01%
63.0, >50K,4.0,1.0,0.0,4,0.01%
26.0, >50K,4.0,0.0,1.0,4,0.01%
28.0, >50K,5.0,0.0,1.0,4,0.01%
28.0, >50K,0.0,0.0,0.0,4,0.01%
66.0, <=50K,1.0,0.0,0.0,4,0.01%
64.0, <=50K,0.0,1.0,0.0,4,0.01%
62.0, >50K,3.0,1.0,1.0,4,0.01%
63.0, >50K,5.0,1.0,0.0,4,0.01%
62.0, >50K,4.0,1.0,0.0,4,0.01%
26.0, >50K,5.0,1.0,1.0,4,0.01%
28.0, >50K,4.0,0.0,1.0,4,0.01%
27.0, >50K,0.0,0.0,0.0,4,0.01%
62.0, >50K,5.0,1.0,0.0,4,0.01%
63.0, <=50K,0.0,0.0,1.0,4,0.01%
63.0, <=50K,1.0,0.0,0.0,4,0.01%
27.0, >50K,1.0,0.0,0.0,4,0.01%
28.0, >50K,3.0,1.0,1.0,4,0.01%
30.0, >50K,5.0,0.0,0.0,4,0.01%
71.0, <=50K,2.0,1.0,1.0,4,0.01%
66.0, >50K,2.0,0.0,0.0,4,0.01%
61.0, >50K,1.0,0.0,0.0,4,0.01%
69.0, <=50K,4.0,0.0,0.0,4,0.01%
59.0, >50K,0.0,1.0,1.0,4,0.01%
59.0, >50K,1.0,0.0,0.0,4,0.01%
59.0, >50K,1.0,0.0,1.0,4,0.01%
54.0, >50K,4.0,1.0,1.0,4,0.01%
67.0, <=50K,2.0,1.0,0.0,4,0.01%
59.0, >50K,2.0,1.0,0.0,4,0.01%
54.0, >50K,2.0,1.0,1.0,4,0.01%
59.0, >50K,3.0,0.0,1.0,4,0.01%
54.0, >50K,1.0,1.0,0.0,4,0.01%
53.0, >50K,0.0,0.0,1.0,4,0.01%
68.0, <=50K,4.0,0.0,1.0,4,0.01%
22.0, >50K,1.0,0.0,1.0,4,0.01%
52.0, >50K,1.0,1.0,1.0,4,0.01%
68.0, <=50K,5.0,1.0,1.0,4,0.01%
60.0, <=50K,3.0,1.0,0.0,4,0.01%
69.0, <=50K,0.0,0.0,1.0,4,0.01%
69.0, <=50K,0.0,1.0,1.0,4,0.01%
32.0, >50K,5.0,1.0,1.0,4,0.01%
69.0, <=50K,1.0,0.0,1.0,4,0.01%
69.0, <=50K,3.0,0.0,0.0,4,0.01%
67.0, <=50K,1.0,1.0,1.0,4,0.01%
54.0, >50K,5.0,1.0,0.0,4,0.01%
34.0, >50K,4.0,1.0,0.0,4,0.01%
55.0, >50K,1.0,1.0,0.0,4,0.01%
67.0, <=50K,3.0,1.0,0.0,4,0.01%
57.0, >50K,5.0,1.0,1.0,4,0.01%
58.0, >50K,0.0,1.0,1.0,4,0.01%
58.0, >50K,1.0,0.0,0.0,4,0.01%
57.0, >50K,3.0,1.0,0.0,4,0.01%
58.0, >50K,2.0,0.0,0.0,4,0.01%
57.0, >50K,1.0,1.0,0.0,4,0.01%
57.0, >50K,0.0,1.0,0.0,4,0.01%
35.0, >50K,3.0,1.0,0.0,4,0.01%
58.0, >50K,4.0,1.0,0.0,4,0.01%
58.0, >50K,5.0,0.0,1.0,4,0.01%
55.0, >50K,3.0,0.0,1.0,4,0.01%
67.0, <=50K,3.0,0.0,0.0,4,0.01%
56.0, >50K,5.0,0.0,0.0,4,0.01%
56.0, >50K,4.0,0.0,0.0,4,0.01%
56.0, >50K,3.0,1.0,0.0,4,0.01%
56.0, >50K,3.0,0.0,0.0,4,0.01%
56.0, >50K,2.0,1.0,1.0,4,0.01%
56.0, >50K,2.0,0.0,1.0,4,0.01%
59.0, <=50K,4.0,0.0,1.0,4,0.01%
55.0, >50K,4.0,0.0,0.0,4,0.01%
69.0, <=50K,3.0,1.0,0.0,4,0.01%
33.0, >50K,2.0,1.0,0.0,4,0.01%
61.0, <=50K,4.0,1.0,1.0,4,0.01%
24.0, >50K,4.0,0.0,0.0,4,0.01%
70.0, <=50K,5.0,1.0,0.0,4,0.01%
60.0, >50K,5.0,1.0,1.0,4,0.01%
49.0, >50K,4.0,0.0,1.0,4,0.01%
67.0, <=50K,0.0,0.0,0.0,4,0.01%
36.0, >50K,3.0,0.0,0.0,4,0.01%
49.0, >50K,5.0,1.0,0.0,4,0.01%
70.0, <=50K,3.0,0.0,1.0,4,0.01%
71.0, <=50K,0.0,0.0,0.0,4,0.01%
60.0, >50K,4.0,1.0,0.0,4,0.01%
25.0, >50K,0.0,0.0,1.0,4,0.01%
61.0, <=50K,2.0,0.0,1.0,4,0.01%
70.0, <=50K,5.0,0.0,0.0,4,0.01%
67.0, <=50K,0.0,1.0,1.0,4,0.01%
70.0, <=50K,0.0,1.0,1.0,4,0.01%
58.0, >50K,0.0,0.0,0.0,4,0.01%
82.0, <=50K,4.0,0.0,0.0,3,0.01%
90.0, <=50K,1.0,0.0,0.0,3,0.01%
67.0, >50K,5.0,1.0,1.0,3,0.01%
67.0, >50K,4.0,1.0,0.0,3,0.01%
79.0, >50K,4.0,1.0,1.0,3,0.01%
70.0, <=50K,5.0,0.0,1.0,3,0.01%
80.0, <=50K,5.0,1.0,1.0,3,0.01%
72.0, <=50K,3.0,0.0,1.0,3,0.01%
77.0, <=50K,1.0,1.0,0.0,3,0.01%
67.0, >50K,1.0,1.0,1.0,3,0.01%
67.0, >50K,4.0,0.0,0.0,3,0.01%
66.0, <=50K,5.0,0.0,1.0,3,0.01%
69.0, <=50K,4.0,1.0,1.0,3,0.01%
70.0, <=50K,5.0,1.0,1.0,3,0.01%
76.0, <=50K,5.0,0.0,0.0,3,0.01%
66.0, >50K,0.0,1.0,0.0,3,0.01%
64.0, >50K,3.0,1.0,0.0,3,0.01%
66.0, >50K,0.0,0.0,0.0,3,0.01%
67.0, <=50K,5.0,1.0,0.0,3,0.01%
71.0, <=50K,3.0,0.0,0.0,3,0.01%
64.0, >50K,5.0,0.0,1.0,3,0.01%
67.0, <=50K,5.0,1.0,1.0,3,0.01%
67.0, >50K,0.0,0.0,0.0,3,0.01%
71.0, <=50K,3.0,1.0,0.0,3,0.01%
71.0, <=50K,4.0,0.0,1.0,3,0.01%
90.0, <=50K,5.0,1.0,1.0,3,0.01%
90.0, <=50K,4.0,1.0,0.0,3,0.01%
90.0, <=50K,4.0,0.0,1.0,3,0.01%
70.0, >50K,5.0,1.0,1.0,3,0.01%
90.0, <=50K,3.0,1.0,1.0,3,0.01%
66.0, >50K,2.0,1.0,0.0,3,0.01%
67.0, <=50K,3.0,1.0,1.0,3,0.01%
70.0, <=50K,4.0,1.0,1.0,3,0.01%
76.0, <=50K,4.0,0.0,1.0,3,0.01%
66.0, <=50K,4.0,0.0,1.0,3,0.01%
73.0, <=50K,1.0,0.0,1.0,3,0.01%
66.0, >50K,1.0,0.0,0.0,3,0.01%
74.0, <=50K,4.0,1.0,1.0,3,0.01%
74.0, <=50K,2.0,0.0,1.0,3,0.01%
67.0, <=50K,0.0,0.0,1.0,3,0.01%
65.0, >50K,4.0,0.0,0.0,3,0.01%
74.0, <=50K,1.0,1.0,0.0,3,0.01%
69.0, <=50K,0.0,0.0,0.0,3,0.01%
74.0, <=50K,0.0,1.0,1.0,3,0.01%
69.0, <=50K,0.0,1.0,0.0,3,0.01%
73.0, <=50K,3.0,1.0,1.0,3,0.01%
70.0, <=50K,1.0,0.0,1.0,3,0.01%
69.0, <=50K,1.0,0.0,0.0,3,0.01%
70.0, <=50K,1.0,0.0,0.0,3,0.01%
69.0, <=50K,1.0,1.0,0.0,3,0.01%
69.0, <=50K,1.0,1.0,1.0,3,0.01%
67.0, <=50K,1.0,0.0,0.0,3,0.01%
73.0, <=50K,4.0,1.0,1.0,3,0.01%
73.0, <=50K,3.0,0.0,0.0,3,0.01%
74.0, <=50K,5.0,1.0,1.0,3,0.01%
65.0, <=50K,4.0,0.0,0.0,3,0.01%
73.0, <=50K,0.0,1.0,1.0,3,0.01%
68.0, <=50K,1.0,0.0,1.0,3,0.01%
69.0, >50K,1.0,1.0,0.0,3,0.01%
70.0, <=50K,3.0,1.0,0.0,3,0.01%
72.0, <=50K,3.0,1.0,1.0,3,0.01%
72.0, <=50K,4.0,1.0,0.0,3,0.01%
72.0, <=50K,4.0,1.0,1.0,3,0.01%
65.0, >50K,3.0,1.0,0.0,3,0.01%
70.0, <=50K,2.0,0.0,0.0,3,0.01%
76.0, <=50K,2.0,1.0,1.0,3,0.01%
76.0, <=50K,0.0,1.0,1.0,3,0.01%
72.0, <=50K,5.0,0.0,1.0,3,0.01%
75.0, <=50K,4.0,1.0,0.0,3,0.01%
68.0, <=50K,2.0,1.0,0.0,3,0.01%
75.0, <=50K,3.0,1.0,1.0,3,0.01%
73.0, <=50K,0.0,1.0,0.0,3,0.01%
64.0, >50K,1.0,1.0,1.0,3,0.01%
66.0, >50K,4.0,1.0,1.0,3,0.01%
64.0, >50K,2.0,1.0,1.0,3,0.01%
90.0, >50K,5.0,0.0,0.0,3,0.01%
26.0, >50K,5.0,1.0,0.0,3,0.01%
62.0, >50K,2.0,0.0,1.0,3,0.01%
56.0, >50K,0.0,1.0,1.0,3,0.01%
61.0, >50K,2.0,0.0,0.0,3,0.01%
25.0, >50K,3.0,0.0,0.0,3,0.01%
55.0, >50K,4.0,1.0,1.0,3,0.01%
55.0, >50K,0.0,0.0,0.0,3,0.01%
62.0, >50K,1.0,0.0,0.0,3,0.01%
30.0, >50K,3.0,1.0,1.0,3,0.01%
62.0, >50K,1.0,1.0,0.0,3,0.01%
62.0, >50K,1.0,1.0,1.0,3,0.01%
62.0, >50K,2.0,0.0,0.0,3,0.01%
62.0, >50K,2.0,1.0,0.0,3,0.01%
61.0, >50K,0.0,1.0,1.0,3,0.01%
54.0, >50K,5.0,0.0,1.0,3,0.01%
54.0, >50K,3.0,0.0,1.0,3,0.01%
62.0, >50K,3.0,0.0,1.0,3,0.01%
25.0, >50K,2.0,1.0,1.0,3,0.01%
62.0, >50K,4.0,0.0,1.0,3,0.01%
25.0, >50K,2.0,1.0,0.0,3,0.01%
62.0, >50K,5.0,1.0,1.0,3,0.01%
28.0, >50K,0.0,1.0,0.0,3,0.01%
28.0, >50K,0.0,1.0,1.0,3,0.01%
63.0, <=50K,2.0,0.0,1.0,3,0.01%
25.0, >50K,3.0,1.0,0.0,3,0.01%
56.0, >50K,1.0,1.0,1.0,3,0.01%
25.0, >50K,1.0,0.0,1.0,3,0.01%
26.0, >50K,1.0,1.0,1.0,3,0.01%
57.0, >50K,5.0,1.0,0.0,3,0.01%
58.0, >50K,3.0,0.0,0.0,3,0.01%
58.0, >50K,4.0,1.0,1.0,3,0.01%
26.0, >50K,1.0,0.0,0.0,3,0.01%
26.0, >50K,1.0,0.0,1.0,3,0.01%
58.0, >50K,5.0,1.0,1.0,3,0.01%
57.0, >50K,5.0,0.0,1.0,3,0.01%
59.0, >50K,2.0,0.0,0.0,3,0.01%
57.0, >50K,5.0,0.0,0.0,3,0.01%
57.0, >50K,2.0,0.0,1.0,3,0.01%
57.0, >50K,1.0,1.0,1.0,3,0.01%
61.0, <=50K,5.0,0.0,0.0,3,0.01%
60.0, >50K,2.0,0.0,1.0,3,0.01%
60.0, >50K,2.0,1.0,1.0,3,0.01%
60.0, >50K,3.0,1.0,0.0,3,0.01%
26.0, >50K,0.0,1.0,0.0,3,0.01%
60.0, >50K,5.0,0.0,0.0,3,0.01%
25.0, >50K,5.0,0.0,0.0,3,0.01%
31.0, >50K,3.0,0.0,1.0,3,0.01%
60.0, >50K,5.0,1.0,0.0,3,0.01%
25.0, >50K,4.0,1.0,1.0,3,0.01%
30.0, >50K,5.0,0.0,1.0,3,0.01%
63.0, <=50K,5.0,1.0,0.0,3,0.01%
54.0, >50K,1.0,1.0,1.0,3,0.01%
58.0, <=50K,2.0,0.0,1.0,3,0.01%
28.0, >50K,5.0,1.0,0.0,3,0.01%
63.0, >50K,4.0,0.0,0.0,3,0.01%
24.0, >50K,1.0,0.0,1.0,3,0.01%
63.0, >50K,3.0,1.0,1.0,3,0.01%
63.0, >50K,5.0,1.0,1.0,3,0.01%
30.0, >50K,2.0,1.0,0.0,3,0.01%
64.0, <=50K,3.0,1.0,0.0,3,0.01%
64.0, <=50K,4.0,1.0,1.0,3,0.01%
63.0, >50K,1.0,1.0,1.0,3,0.01%
63.0, >50K,1.0,1.0,0.0,3,0.01%
30.0, >50K,1.0,1.0,0.0,3,0.01%
28.0, >50K,5.0,0.0,0.0,3,0.01%
32.0, >50K,0.0,0.0,1.0,3,0.01%
63.0, >50K,1.0,0.0,0.0,3,0.01%
64.0, <=50K,5.0,0.0,0.0,3,0.01%
29.0, >50K,1.0,0.0,1.0,3,0.01%
63.0, >50K,0.0,0.0,0.0,3,0.01%
40.0, >50K,5.0,1.0,0.0,3,0.01%
29.0, >50K,2.0,0.0,0.0,3,0.01%
29.0, >50K,1.0,1.0,0.0,3,0.01%
33.0, >50K,3.0,0.0,1.0,3,0.01%
28.0, >50K,5.0,1.0,1.0,3,0.01%
64.0, >50K,0.0,0.0,1.0,3,0.01%
69.0, >50K,5.0,0.0,0.0,2,0.01%
69.0, <=50K,5.0,1.0,0.0,2,0.01%
23.0, >50K,3.0,1.0,0.0,2,0.01%
72.0, <=50K,2.0,1.0,1.0,2,0.01%
25.0, >50K,4.0,0.0,1.0,2,0.01%
70.0, <=50K,0.0,1.0,0.0,2,0.01%
25.0, >50K,4.0,1.0,0.0,2,0.01%
23.0, >50K,5.0,1.0,0.0,2,0.01%
72.0, <=50K,5.0,1.0,0.0,2,0.01%
72.0, <=50K,2.0,0.0,1.0,2,0.01%
69.0, >50K,3.0,1.0,0.0,2,0.01%
69.0, <=50K,5.0,1.0,1.0,2,0.01%
25.0, >50K,5.0,0.0,1.0,2,0.01%
69.0, >50K,1.0,1.0,1.0,2,0.01%
24.0, >50K,0.0,0.0,0.0,2,0.01%
24.0, >50K,0.0,0.0,1.0,2,0.01%
72.0, <=50K,2.0,1.0,0.0,2,0.01%
71.0, <=50K,2.0,0.0,0.0,2,0.01%
24.0, >50K,1.0,1.0,0.0,2,0.01%
24.0, >50K,2.0,0.0,1.0,2,0.01%
71.0, <=50K,1.0,1.0,0.0,2,0.01%
25.0, >50K,1.0,0.0,0.0,2,0.01%
25.0, >50K,1.0,1.0,1.0,2,0.01%
25.0, >50K,2.0,0.0,0.0,2,0.01%
71.0, <=50K,3.0,0.0,1.0,2,0.01%
72.0, >50K,2.0,1.0,0.0,2,0.01%
71.0, <=50K,3.0,1.0,1.0,2,0.01%
71.0, <=50K,0.0,0.0,1.0,2,0.01%
25.0, >50K,0.0,1.0,0.0,2,0.01%
70.0, >50K,3.0,1.0,1.0,2,0.01%
70.0, >50K,2.0,1.0,1.0,2,0.01%
31.0, >50K,5.0,1.0,1.0,2,0.01%
25.0, >50K,0.0,0.0,0.0,2,0.01%
24.0, >50K,5.0,1.0,0.0,2,0.01%
71.0, <=50K,5.0,1.0,0.0,2,0.01%
70.0, <=50K,4.0,1.0,0.0,2,0.01%
71.0, >50K,2.0,1.0,0.0,2,0.01%
70.0, <=50K,4.0,0.0,0.0,2,0.01%
24.0, >50K,3.0,1.0,1.0,2,0.01%
71.0, >50K,2.0,1.0,1.0,2,0.01%
71.0, >50K,3.0,0.0,0.0,2,0.01%
72.0, <=50K,0.0,0.0,0.0,2,0.01%
70.0, <=50K,3.0,0.0,0.0,2,0.01%
72.0, <=50K,0.0,1.0,1.0,2,0.01%
72.0, <=50K,1.0,0.0,0.0,2,0.01%
70.0, <=50K,2.0,1.0,1.0,2,0.01%
71.0, <=50K,2.0,1.0,0.0,2,0.01%
72.0, <=50K,1.0,0.0,1.0,2,0.01%
64.0, >50K,1.0,0.0,0.0,2,0.01%
73.0, <=50K,0.0,0.0,0.0,2,0.01%
76.0, <=50K,3.0,1.0,0.0,2,0.01%
78.0, <=50K,5.0,1.0,1.0,2,0.01%
78.0, <=50K,4.0,1.0,0.0,2,0.01%
78.0, <=50K,2.0,1.0,0.0,2,0.01%
78.0, <=50K,0.0,0.0,1.0,2,0.01%
77.0, >50K,1.0,0.0,1.0,2,0.01%
77.0, <=50K,5.0,0.0,1.0,2,0.01%
77.0, <=50K,4.0,1.0,1.0,2,0.01%
77.0, <=50K,3.0,0.0,0.0,2,0.01%
77.0, <=50K,2.0,0.0,1.0,2,0.01%
77.0, <=50K,2.0,0.0,0.0,2,0.01%
28.0, >50K,2.0,0.0,1.0,2,0.01%
77.0, <=50K,0.0,0.0,1.0,2,0.01%
76.0, >50K,3.0,1.0,1.0,2,0.01%
76.0, <=50K,5.0,1.0,1.0,2,0.01%
76.0, <=50K,5.0,1.0,0.0,2,0.01%
79.0, <=50K,3.0,1.0,1.0,2,0.01%
79.0, >50K,3.0,1.0,0.0,2,0.01%
79.0, >50K,4.0,0.0,0.0,2,0.01%
81.0, <=50K,5.0,1.0,1.0,2,0.01%
90.0, >50K,4.0,0.0,0.0,2,0.01%
30.0, >50K,0.0,1.0,1.0,2,0.01%
90.0, <=50K,3.0,1.0,0.0,2,0.01%
90.0, <=50K,2.0,1.0,0.0,2,0.01%
90.0, <=50K,2.0,0.0,0.0,2,0.01%
82.0, <=50K,3.0,1.0,1.0,2,0.01%
81.0, <=50K,4.0,1.0,1.0,2,0.01%
80.0, <=50K,0.0,1.0,0.0,2,0.01%
81.0, <=50K,4.0,0.0,1.0,2,0.01%
81.0, <=50K,1.0,1.0,1.0,2,0.01%
81.0, <=50K,0.0,1.0,1.0,2,0.01%
28.0, >50K,3.0,1.0,0.0,2,0.01%
80.0, <=50K,3.0,0.0,0.0,2,0.01%
80.0, <=50K,2.0,1.0,1.0,2,0.01%
27.0, >50K,5.0,1.0,1.0,2,0.01%
76.0, <=50K,3.0,0.0,0.0,2,0.01%
73.0, <=50K,1.0,0.0,0.0,2,0.01%
76.0, <=50K,2.0,1.0,0.0,2,0.01%
74.0, <=50K,4.0,0.0,1.0,2,0.01%
74.0, <=50K,3.0,1.0,1.0,2,0.01%
74.0, <=50K,3.0,1.0,0.0,2,0.01%
27.0, >50K,0.0,1.0,0.0,2,0.01%
74.0, <=50K,1.0,1.0,1.0,2,0.01%
69.0, <=50K,2.0,1.0,0.0,2,0.01%
73.0, >50K,5.0,0.0,1.0,2,0.01%
73.0, >50K,0.0,1.0,1.0,2,0.01%
26.0, >50K,4.0,0.0,0.0,2,0.01%
26.0, >50K,3.0,0.0,1.0,2,0.01%
26.0, >50K,2.0,0.0,1.0,2,0.01%
26.0, >50K,2.0,0.0,0.0,2,0.01%
73.0, <=50K,2.0,1.0,1.0,2,0.01%
73.0, <=50K,1.0,1.0,1.0,2,0.01%
26.0, >50K,1.0,1.0,0.0,2,0.01%
74.0, <=50K,4.0,1.0,0.0,2,0.01%
27.0, >50K,0.0,1.0,1.0,2,0.01%
74.0, <=50K,5.0,0.0,1.0,2,0.01%
27.0, >50K,2.0,0.0,1.0,2,0.01%
76.0, <=50K,2.0,0.0,0.0,2,0.01%
27.0, >50K,4.0,0.0,1.0,2,0.01%
75.0, >50K,4.0,1.0,0.0,2,0.01%
75.0, <=50K,5.0,0.0,1.0,2,0.01%
27.0, >50K,4.0,0.0,0.0,2,0.01%
27.0, >50K,3.0,1.0,1.0,2,0.01%
75.0, <=50K,3.0,0.0,0.0,2,0.01%
74.0, <=50K,5.0,1.0,0.0,2,0.01%
75.0, <=50K,2.0,1.0,1.0,2,0.01%
75.0, <=50K,1.0,1.0,0.0,2,0.01%
75.0, <=50K,1.0,0.0,0.0,2,0.01%
74.0, >50K,4.0,1.0,1.0,2,0.01%
74.0, >50K,3.0,0.0,0.0,2,0.01%
27.0, >50K,1.0,1.0,1.0,2,0.01%
69.0, <=50K,2.0,1.0,1.0,2,0.01%
60.0, >50K,0.0,0.0,1.0,2,0.01%
67.0, >50K,4.0,1.0,1.0,2,0.01%
63.0, >50K,5.0,0.0,1.0,2,0.01%
68.0, <=50K,1.0,1.0,0.0,2,0.01%
68.0, <=50K,2.0,0.0,1.0,2,0.01%
19.0, >50K,5.0,1.0,1.0,2,0.01%
68.0, <=50K,2.0,1.0,1.0,2,0.01%
68.0, <=50K,3.0,1.0,0.0,2,0.01%
65.0, >50K,0.0,0.0,1.0,2,0.01%
68.0, <=50K,5.0,0.0,0.0,2,0.01%
66.0, >50K,3.0,0.0,0.0,2,0.01%
66.0, >50K,2.0,1.0,1.0,2,0.01%
68.0, >50K,0.0,0.0,1.0,2,0.01%
55.0, >50K,2.0,1.0,0.0,2,0.01%
65.0, >50K,1.0,0.0,0.0,2,0.01%
66.0, >50K,1.0,1.0,0.0,2,0.01%
65.0, >50K,1.0,1.0,1.0,2,0.01%
68.0, >50K,1.0,0.0,1.0,2,0.01%
66.0, >50K,0.0,0.0,1.0,2,0.01%
64.0, >50K,5.0,0.0,0.0,2,0.01%
64.0, >50K,4.0,1.0,1.0,2,0.01%
61.0, >50K,3.0,1.0,1.0,2,0.01%
68.0, >50K,1.0,1.0,1.0,2,0.01%
34.0, >50K,5.0,1.0,1.0,2,0.01%
68.0, <=50K,0.0,1.0,0.0,2,0.01%
68.0, >50K,2.0,1.0,1.0,2,0.01%
67.0, >50K,2.0,0.0,1.0,2,0.01%
67.0, <=50K,4.0,1.0,1.0,2,0.01%
58.0, >50K,0.0,1.0,0.0,2,0.01%
58.0, >50K,5.0,1.0,0.0,2,0.01%
59.0, >50K,1.0,1.0,1.0,2,0.01%
59.0, >50K,4.0,1.0,0.0,2,0.01%
63.0, >50K,2.0,0.0,0.0,2,0.01%
56.0, >50K,5.0,1.0,1.0,2,0.01%
56.0, >50K,4.0,1.0,1.0,2,0.01%
60.0, >50K,0.0,1.0,1.0,2,0.01%
67.0, >50K,2.0,1.0,1.0,2,0.01%
65.0, <=50K,2.0,0.0,0.0,2,0.01%
60.0, >50K,1.0,0.0,1.0,2,0.01%
63.0, >50K,2.0,0.0,1.0,2,0.01%
63.0, >50K,2.0,1.0,1.0,2,0.01%
63.0, >50K,3.0,0.0,1.0,2,0.01%
67.0, >50K,5.0,0.0,0.0,2,0.01%
65.0, <=50K,2.0,1.0,1.0,2,0.01%
65.0, <=50K,5.0,0.0,0.0,2,0.01%
55.0, >50K,5.0,1.0,1.0,2,0.01%
68.0, <=50K,0.0,0.0,0.0,2,0.01%
65.0, >50K,2.0,0.0,0.0,2,0.01%
65.0, >50K,0.0,1.0,0.0,2,0.01%
64.0, >50K,2.0,0.0,1.0,2,0.01%
69.0, <=50K,2.0,0.0,0.0,2,0.01%
64.0, >50K,2.0,0.0,0.0,2,0.01%
68.0, >50K,5.0,0.0,1.0,2,0.01%
61.0, >50K,5.0,1.0,1.0,2,0.01%
64.0, >50K,2.0,1.0,0.0,2,0.01%
64.0, >50K,0.0,1.0,0.0,2,0.01%
64.0, >50K,3.0,0.0,0.0,2,0.01%
68.0, >50K,5.0,1.0,0.0,2,0.01%
64.0, >50K,4.0,0.0,0.0,2,0.01%
63.0, <=50K,0.0,0.0,0.0,2,0.01%
62.0, >50K,5.0,0.0,0.0,2,0.01%
64.0, >50K,4.0,1.0,0.0,2,0.01%
62.0, >50K,2.0,1.0,1.0,2,0.01%
68.0, >50K,5.0,1.0,1.0,2,0.01%
62.0, <=50K,1.0,0.0,0.0,2,0.01%
66.0, <=50K,3.0,1.0,0.0,2,0.01%
61.0, >50K,5.0,1.0,0.0,2,0.01%
65.0, >50K,5.0,0.0,1.0,2,0.01%
65.0, >50K,2.0,1.0,1.0,2,0.01%
65.0, >50K,3.0,0.0,0.0,2,0.01%
64.0, >50K,1.0,1.0,0.0,2,0.01%
66.0, <=50K,5.0,0.0,0.0,2,0.01%
68.0, >50K,4.0,0.0,0.0,2,0.01%
61.0, >50K,5.0,0.0,1.0,2,0.01%
65.0, >50K,2.0,1.0,0.0,2,0.01%
64.0, >50K,0.0,1.0,1.0,2,0.01%
68.0, >50K,3.0,0.0,1.0,2,0.01%
78.0, <=50K,3.0,1.0,1.0,1,0.0%
76.0, <=50K,2.0,0.0,1.0,1,0.0%
78.0, <=50K,4.0,0.0,0.0,1,0.0%
65.0, >50K,5.0,1.0,0.0,1,0.0%
27.0, >50K,4.0,1.0,0.0,1,0.0%
78.0, <=50K,2.0,1.0,1.0,1,0.0%
65.0, >50K,5.0,1.0,1.0,1,0.0%
78.0, >50K,0.0,0.0,1.0,1,0.0%
78.0, >50K,4.0,1.0,0.0,1,0.0%
76.0, <=50K,0.0,1.0,0.0,1,0.0%
78.0, <=50K,5.0,0.0,0.0,1,0.0%
76.0, <=50K,1.0,1.0,0.0,1,0.0%
62.0, >50K,4.0,1.0,1.0,1,0.0%
63.0, >50K,0.0,1.0,1.0,1,0.0%
76.0, <=50K,1.0,1.0,1.0,1,0.0%
76.0, <=50K,1.0,0.0,1.0,1,0.0%
65.0, <=50K,5.0,0.0,1.0,1,0.0%
78.0, >50K,3.0,1.0,0.0,1,0.0%
78.0, >50K,0.0,1.0,1.0,1,0.0%
76.0, >50K,5.0,0.0,1.0,1,0.0%
78.0, <=50K,0.0,1.0,0.0,1,0.0%
78.0, <=50K,2.0,0.0,0.0,1,0.0%
77.0, <=50K,5.0,0.0,0.0,1,0.0%
76.0, >50K,3.0,1.0,0.0,1,0.0%
76.0, >50K,3.0,0.0,0.0,1,0.0%
77.0, <=50K,0.0,1.0,1.0,1,0.0%
77.0, <=50K,1.0,0.0,0.0,1,0.0%
65.0, >50K,1.0,0.0,1.0,1,0.0%
76.0, <=50K,5.0,0.0,1.0,1,0.0%
77.0, <=50K,2.0,1.0,0.0,1,0.0%
79.0, <=50K,0.0,0.0,0.0,1,0.0%
77.0, <=50K,3.0,0.0,1.0,1,0.0%
28.0, >50K,1.0,0.0,1.0,1,0.0%
77.0, <=50K,3.0,1.0,0.0,1,0.0%
77.0, <=50K,3.0,1.0,1.0,1,0.0%
76.0, <=50K,4.0,1.0,1.0,1,0.0%
65.0, >50K,0.0,0.0,0.0,1,0.0%
65.0, >50K,4.0,1.0,1.0,1,0.0%
77.0, <=50K,5.0,1.0,0.0,1,0.0%
77.0, >50K,0.0,0.0,1.0,1,0.0%
63.0, >50K,0.0,0.0,1.0,1,0.0%
65.0, >50K,4.0,1.0,0.0,1,0.0%
77.0, >50K,2.0,0.0,1.0,1,0.0%
76.0, <=50K,4.0,0.0,0.0,1,0.0%
77.0, >50K,4.0,0.0,0.0,1,0.0%
78.0, <=50K,0.0,0.0,0.0,1,0.0%
63.0, >50K,0.0,1.0,0.0,1,0.0%
77.0, <=50K,0.0,0.0,0.0,1,0.0%
78.0, <=50K,0.0,1.0,1.0,1,0.0%
78.0, <=50K,1.0,1.0,0.0,1,0.0%
78.0, <=50K,1.0,1.0,1.0,1,0.0%
78.0, >50K,5.0,1.0,0.0,1,0.0%
23.0, >50K,0.0,1.0,1.0,1,0.0%
79.0, <=50K,0.0,0.0,1.0,1,0.0%
84.0, <=50K,4.0,1.0,0.0,1,0.0%
84.0, <=50K,2.0,0.0,1.0,1,0.0%
84.0, <=50K,2.0,0.0,0.0,1,0.0%
84.0, <=50K,1.0,1.0,1.0,1,0.0%
84.0, <=50K,1.0,1.0,0.0,1,0.0%
84.0, <=50K,0.0,0.0,1.0,1,0.0%
84.0, <=50K,0.0,0.0,0.0,1,0.0%
83.0, >50K,5.0,0.0,0.0,1,0.0%
83.0, >50K,4.0,0.0,0.0,1,0.0%
83.0, <=50K,3.0,1.0,0.0,1,0.0%
83.0, <=50K,2.0,1.0,1.0,1,0.0%
83.0, <=50K,0.0,1.0,1.0,1,0.0%
83.0, <=50K,0.0,0.0,0.0,1,0.0%
82.0, <=50K,4.0,1.0,0.0,1,0.0%
82.0, <=50K,4.0,0.0,1.0,1,0.0%
82.0, <=50K,3.0,0.0,1.0,1,0.0%
82.0, <=50K,3.0,0.0,0.0,1,0.0%
82.0, <=50K,2.0,0.0,0.0,1,0.0%
84.0, <=50K,4.0,0.0,1.0,1,0.0%
84.0, <=50K,5.0,0.0,0.0,1,0.0%
82.0, <=50K,1.0,0.0,1.0,1,0.0%
84.0, >50K,5.0,0.0,0.0,1,0.0%
90.0, >50K,4.0,0.0,1.0,1,0.0%
90.0, >50K,2.0,0.0,1.0,1,0.0%
90.0, >50K,1.0,1.0,0.0,1,0.0%
90.0, <=50K,5.0,1.0,0.0,1,0.0%
64.0, >50K,0.0,0.0,0.0,1,0.0%
64.0, >50K,4.0,0.0,1.0,1,0.0%
90.0, <=50K,0.0,1.0,1.0,1,0.0%
90.0, <=50K,0.0,1.0,0.0,1,0.0%
90.0, <=50K,0.0,0.0,1.0,1,0.0%
88.0, <=50K,3.0,0.0,1.0,1,0.0%
88.0, <=50K,1.0,1.0,0.0,1,0.0%
88.0, <=50K,0.0,0.0,1.0,1,0.0%
87.0, <=50K,3.0,1.0,0.0,1,0.0%
86.0, <=50K,4.0,0.0,1.0,1,0.0%
85.0, <=50K,5.0,1.0,1.0,1,0.0%
85.0, <=50K,5.0,0.0,0.0,1,0.0%
85.0, <=50K,3.0,0.0,1.0,1,0.0%
82.0, <=50K,1.0,1.0,0.0,1,0.0%
81.0, >50K,3.0,1.0,1.0,1,0.0%
79.0, <=50K,0.0,1.0,0.0,1,0.0%
80.0, <=50K,4.0,0.0,0.0,1,0.0%
63.0, >50K,3.0,1.0,0.0,1,0.0%
80.0, <=50K,2.0,0.0,1.0,1,0.0%
80.0, <=50K,2.0,0.0,0.0,1,0.0%
80.0, <=50K,1.0,1.0,1.0,1,0.0%
80.0, <=50K,1.0,0.0,0.0,1,0.0%
80.0, <=50K,0.0,1.0,1.0,1,0.0%
75.0, >50K,4.0,1.0,1.0,1,0.0%
79.0, >50K,3.0,0.0,0.0,1,0.0%
79.0, >50K,1.0,0.0,1.0,1,0.0%
79.0, <=50K,4.0,1.0,0.0,1,0.0%
79.0, <=50K,4.0,0.0,1.0,1,0.0%
79.0, <=50K,3.0,0.0,1.0,1,0.0%
79.0, <=50K,2.0,1.0,1.0,1,0.0%
79.0, <=50K,2.0,0.0,1.0,1,0.0%
79.0, <=50K,2.0,0.0,0.0,1,0.0%
79.0, <=50K,1.0,1.0,0.0,1,0.0%
79.0, <=50K,1.0,0.0,1.0,1,0.0%
80.0, <=50K,3.0,1.0,0.0,1,0.0%
80.0, <=50K,4.0,1.0,0.0,1,0.0%
81.0, >50K,2.0,1.0,0.0,1,0.0%
80.0, <=50K,5.0,0.0,0.0,1,0.0%
81.0, >50K,0.0,0.0,1.0,1,0.0%
64.0, >50K,5.0,1.0,0.0,1,0.0%
64.0, <=50K,2.0,0.0,0.0,1,0.0%
81.0, <=50K,3.0,1.0,1.0,1,0.0%
81.0, <=50K,3.0,0.0,1.0,1,0.0%
81.0, <=50K,3.0,0.0,0.0,1,0.0%
81.0, <=50K,2.0,1.0,1.0,1,0.0%
81.0, <=50K,2.0,0.0,1.0,1,0.0%
81.0, <=50K,2.0,0.0,0.0,1,0.0%
63.0, >50K,5.0,0.0,0.0,1,0.0%
63.0, >50K,4.0,1.0,1.0,1,0.0%
81.0, <=50K,0.0,1.0,0.0,1,0.0%
80.0, >50K,5.0,0.0,0.0,1,0.0%
80.0, >50K,1.0,1.0,1.0,1,0.0%
63.0, >50K,4.0,0.0,1.0,1,0.0%
80.0, <=50K,5.0,1.0,0.0,1,0.0%
80.0, <=50K,5.0,0.0,1.0,1,0.0%
76.0, <=50K,0.0,0.0,1.0,1,0.0%
27.0, >50K,2.0,0.0,0.0,1,0.0%
62.0, >50K,3.0,1.0,0.0,1,0.0%
71.0, <=50K,0.0,1.0,1.0,1,0.0%
68.0, >50K,0.0,0.0,0.0,1,0.0%
25.0, >50K,0.0,1.0,1.0,1,0.0%
70.0, >50K,5.0,0.0,0.0,1,0.0%
70.0, >50K,4.0,1.0,1.0,1,0.0%
70.0, >50K,4.0,0.0,0.0,1,0.0%
68.0, >50K,0.0,1.0,0.0,1,0.0%
70.0, >50K,3.0,1.0,0.0,1,0.0%
70.0, >50K,3.0,0.0,1.0,1,0.0%
70.0, >50K,3.0,0.0,0.0,1,0.0%
70.0, >50K,1.0,1.0,0.0,1,0.0%
70.0, >50K,1.0,0.0,1.0,1,0.0%
70.0, >50K,1.0,0.0,0.0,1,0.0%
70.0, >50K,0.0,1.0,0.0,1,0.0%
70.0, >50K,0.0,0.0,1.0,1,0.0%
70.0, >50K,0.0,0.0,0.0,1,0.0%
68.0, >50K,2.0,0.0,0.0,1,0.0%
68.0, >50K,2.0,1.0,0.0,1,0.0%
22.0, >50K,2.0,0.0,1.0,1,0.0%
22.0, >50K,0.0,1.0,1.0,1,0.0%
71.0, >50K,5.0,1.0,1.0,1,0.0%
21.0, >50K,3.0,1.0,1.0,1,0.0%
71.0, >50K,4.0,1.0,0.0,1,0.0%
71.0, >50K,4.0,0.0,0.0,1,0.0%
71.0, >50K,3.0,1.0,0.0,1,0.0%
71.0, >50K,3.0,0.0,1.0,1,0.0%
71.0, >50K,1.0,1.0,0.0,1,0.0%
71.0, >50K,1.0,0.0,0.0,1,0.0%
64.0, >50K,1.0,0.0,1.0,1,0.0%
71.0, >50K,0.0,0.0,1.0,1,0.0%
71.0, <=50K,5.0,1.0,1.0,1,0.0%
71.0, <=50K,5.0,0.0,1.0,1,0.0%
71.0, <=50K,5.0,0.0,0.0,1,0.0%
71.0, <=50K,4.0,1.0,0.0,1,0.0%
25.0, >50K,2.0,0.0,1.0,1,0.0%
68.0, <=50K,3.0,0.0,1.0,1,0.0%
21.0, >50K,0.0,0.0,0.0,1,0.0%
21.0, >50K,0.0,1.0,0.0,1,0.0%
25.0, >50K,1.0,1.0,0.0,1,0.0%
24.0, >50K,5.0,0.0,0.0,1,0.0%
70.0, <=50K,4.0,0.0,1.0,1,0.0%
68.0, >50K,3.0,1.0,0.0,1,0.0%
70.0, <=50K,3.0,1.0,1.0,1,0.0%
69.0, >50K,2.0,0.0,1.0,1,0.0%
22.0, >50K,3.0,0.0,0.0,1,0.0%
22.0, >50K,3.0,0.0,1.0,1,0.0%
69.0, >50K,0.0,0.0,1.0,1,0.0%
69.0, >50K,0.0,0.0,0.0,1,0.0%
22.0, >50K,4.0,1.0,1.0,1,0.0%
22.0, >50K,5.0,0.0,0.0,1,0.0%
69.0, <=50K,5.0,0.0,1.0,1,0.0%
22.0, >50K,5.0,0.0,1.0,1,0.0%
22.0, >50K,5.0,1.0,1.0,1,0.0%
23.0, >50K,4.0,1.0,0.0,1,0.0%
23.0, >50K,4.0,0.0,1.0,1,0.0%
23.0, >50K,3.0,1.0,1.0,1,0.0%
23.0, >50K,0.0,0.0,0.0,1,0.0%
23.0, >50K,2.0,1.0,1.0,1,0.0%
23.0, >50K,1.0,1.0,1.0,1,0.0%
23.0, >50K,1.0,1.0,0.0,1,0.0%
69.0, >50K,2.0,1.0,0.0,1,0.0%
69.0, >50K,3.0,0.0,0.0,1,0.0%
22.0, >50K,2.0,1.0,0.0,1,0.0%
68.0, >50K,4.0,1.0,1.0,1,0.0%
24.0, >50K,4.0,0.0,1.0,1,0.0%
68.0, >50K,3.0,1.0,1.0,1,0.0%
68.0, >50K,4.0,0.0,1.0,1,0.0%
24.0, >50K,3.0,1.0,0.0,1,0.0%
24.0, >50K,3.0,0.0,1.0,1,0.0%
24.0, >50K,3.0,0.0,0.0,1,0.0%
68.0, >50K,4.0,1.0,0.0,1,0.0%
24.0, >50K,0.0,1.0,1.0,1,0.0%
69.0, >50K,3.0,1.0,1.0,1,0.0%
24.0, >50K,0.0,1.0,0.0,1,0.0%
69.0, >50K,5.0,1.0,1.0,1,0.0%
69.0, >50K,5.0,1.0,0.0,1,0.0%
69.0, >50K,5.0,0.0,1.0,1,0.0%
69.0, >50K,4.0,1.0,1.0,1,0.0%
69.0, >50K,4.0,0.0,1.0,1,0.0%
69.0, >50K,4.0,0.0,0.0,1,0.0%
71.0, >50K,5.0,1.0,0.0,1,0.0%
72.0, <=50K,0.0,1.0,0.0,1,0.0%
75.0, >50K,4.0,0.0,1.0,1,0.0%
74.0, >50K,4.0,0.0,1.0,1,0.0%
74.0, >50K,2.0,0.0,0.0,1,0.0%
74.0, >50K,1.0,1.0,0.0,1,0.0%
74.0, >50K,1.0,0.0,1.0,1,0.0%
74.0, >50K,0.0,1.0,0.0,1,0.0%
61.0, >50K,3.0,0.0,1.0,1,0.0%
74.0, <=50K,5.0,0.0,0.0,1,0.0%
61.0, >50K,1.0,1.0,1.0,1,0.0%
66.0, >50K,0.0,1.0,1.0,1,0.0%
74.0, <=50K,4.0,0.0,0.0,1,0.0%
66.0, >50K,1.0,1.0,1.0,1,0.0%
61.0, >50K,0.0,0.0,0.0,1,0.0%
74.0, <=50K,2.0,1.0,1.0,1,0.0%
74.0, <=50K,2.0,0.0,0.0,1,0.0%
27.0, >50K,0.0,0.0,1.0,1,0.0%
74.0, <=50K,1.0,0.0,1.0,1,0.0%
66.0, >50K,3.0,1.0,0.0,1,0.0%
66.0, >50K,3.0,1.0,1.0,1,0.0%
74.0, >50K,4.0,0.0,0.0,1,0.0%
74.0, >50K,5.0,0.0,0.0,1,0.0%
67.0, >50K,5.0,0.0,1.0,1,0.0%
74.0, >50K,5.0,0.0,1.0,1,0.0%
75.0, >50K,3.0,0.0,1.0,1,0.0%
75.0, >50K,2.0,0.0,1.0,1,0.0%
75.0, >50K,0.0,1.0,0.0,1,0.0%
62.0, >50K,3.0,0.0,0.0,1,0.0%
75.0, <=50K,5.0,0.0,0.0,1,0.0%
66.0, <=50K,3.0,0.0,0.0,1,0.0%
75.0, <=50K,4.0,0.0,1.0,1,0.0%
75.0, <=50K,4.0,0.0,0.0,1,0.0%
62.0, >50K,1.0,0.0,1.0,1,0.0%
75.0, <=50K,3.0,1.0,0.0,1,0.0%
62.0, >50K,0.0,1.0,1.0,1,0.0%
75.0, <=50K,2.0,1.0,0.0,1,0.0%
75.0, <=50K,2.0,0.0,1.0,1,0.0%
75.0, <=50K,2.0,0.0,0.0,1,0.0%
75.0, <=50K,1.0,1.0,1.0,1,0.0%
75.0, <=50K,0.0,0.0,1.0,1,0.0%
75.0, <=50K,0.0,0.0,0.0,1,0.0%
66.0, >50K,4.0,0.0,0.0,1,0.0%
73.0, >50K,4.0,1.0,1.0,1,0.0%
73.0, >50K,3.0,0.0,1.0,1,0.0%
73.0, >50K,3.0,0.0,0.0,1,0.0%
72.0, >50K,4.0,0.0,0.0,1,0.0%
72.0, >50K,3.0,1.0,1.0,1,0.0%
72.0, >50K,2.0,0.0,0.0,1,0.0%
72.0, >50K,1.0,1.0,1.0,1,0.0%
72.0, >50K,1.0,0.0,1.0,1,0.0%
72.0, >50K,0.0,0.0,1.0,1,0.0%
26.0, >50K,0.0,1.0,1.0,1,0.0%
67.0, >50K,0.0,0.0,1.0,1,0.0%
67.0, >50K,0.0,1.0,0.0,1,0.0%
67.0, >50K,0.0,1.0,1.0,1,0.0%
67.0, >50K,1.0,0.0,0.0,1,0.0%
72.0, <=50K,4.0,0.0,0.0,1,0.0%
67.0, >50K,3.0,0.0,1.0,1,0.0%
67.0, >50K,3.0,1.0,0.0,1,0.0%
67.0, >50K,3.0,1.0,1.0,1,0.0%
72.0, <=50K,2.0,0.0,0.0,1,0.0%
67.0, >50K,4.0,0.0,1.0,1,0.0%
72.0, >50K,5.0,0.0,0.0,1,0.0%
58.0, >50K,5.0,0.0,0.0,1,0.0%
73.0, <=50K,1.0,1.0,0.0,1,0.0%
66.0, >50K,5.0,0.0,1.0,1,0.0%
73.0, >50K,2.0,1.0,1.0,1,0.0%
73.0, >50K,1.0,0.0,1.0,1,0.0%
66.0, >50K,5.0,0.0,0.0,1,0.0%
73.0, >50K,0.0,1.0,0.0,1,0.0%
73.0, <=50K,5.0,1.0,1.0,1,0.0%
73.0, <=50K,5.0,1.0,0.0,1,0.0%
26.0, >50K,4.0,1.0,0.0,1,0.0%
73.0, <=50K,4.0,1.0,0.0,1,0.0%
60.0, >50K,0.0,1.0,0.0,1,0.0%
66.0, >50K,5.0,1.0,0.0,1,0.0%
73.0, <=50K,4.0,0.0,0.0,1,0.0%
26.0, >50K,3.0,0.0,0.0,1,0.0%
26.0, >50K,2.0,1.0,1.0,1,0.0%
60.0, >50K,4.0,1.0,1.0,1,0.0%
60.0, >50K,3.0,0.0,0.0,1,0.0%
73.0, <=50K,2.0,0.0,0.0,1,0.0%
71.0, >50K,0.0,1.0,1.0,1,0.0%
